PERSON_ID,PLAYER_LAST_NAME,PLAYER_FIRST_NAME,TEAM_ID,TEAM_CITY,TEAM_NAME,TEAM_ABBREVIATION,POSITION,PLAYER_NAME,GP,MIN,FGM,FGA,FG_PCT,FG3M,FG3A,FG3_PCT,FTM,FTA,FT_PCT,OREB,DREB,REB,AST,TOV,STL,BLK,BLKA,PF,PFD,PTS,injury,status
1630173,Achiuwa,Precious,1610612752,New York,Knicks,NYK,F,Precious Achiuwa,,,,,,,,,,,,,,,,,,,,,,,Hamstring,Out
203500,Adams,Steven,1610612745,Houston,Rockets,HOU,C,Steven Adams,4,13.3,1.5,2.3,0.667,0.0,0.0,0.0,0.8,2.0,0.375,1.5,1.3,2.8,1.8,1.3,0.5,0.0,0.0,1.8,1.5,3.8,Knee,Game Time Decision
1628389,Adebayo,Bam,1610612748,Miami,Heat,MIA,C-F,Bam Adebayo,9,33.9,5.4,14.1,0.386,0.4,2.4,0.182,3.4,5.1,0.674,2.9,5.9,8.8,4.0,1.3,1.9,1.4,0.6,1.9,4.2,14.8,,
1630534,Agbaji,Ochai,1610612761,Toronto,Raptors,TOR,G,Ochai Agbaji,11,31.2,5.5,9.3,0.588,1.9,4.0,0.477,1.2,1.6,0.722,1.3,3.5,4.8,2.0,0.9,1.3,0.5,0.6,2.8,1.5,14.0,,
1630583,Aldama,Santi,1610612763,Memphis,Grizzlies,MEM,F-C,Santi Aldama,11,30.1,5.2,10.9,0.475,1.3,4.8,0.264,1.2,1.2,1.0,1.5,6.2,7.6,3.7,1.5,0.7,0.5,0.2,1.2,1.0,12.8,,
1641725,Alexander,Trey,1610612743,Denver,Nuggets,DEN,G,Trey Alexander,2,2.9,0.5,1.5,0.333,0.0,0.5,0.0,0.0,0.0,0.0,0.0,0.5,0.5,0.0,0.0,0.0,0.0,0.0,0.0,0.5,1.0,,
1629638,Alexander-Walker,Nickeil,1610612750,Minnesota,Timberwolves,MIN,G,Nickeil Alexander-Walker,10,23.1,2.9,5.5,0.527,1.7,3.4,0.5,0.9,1.3,0.692,0.6,2.0,2.6,2.7,1.2,0.8,0.3,0.0,1.2,1.6,8.4,,
1628960,Allen,Grayson,1610612756,Phoenix,Suns,PHX,G,Grayson Allen,8,20.2,2.5,7.8,0.323,1.9,5.9,0.319,1.4,1.5,0.917,0.6,1.6,2.3,1.1,0.9,0.9,0.5,0.3,1.1,1.3,8.3,,
1628386,Allen,Jarrett,1610612739,Cleveland,Cavaliers,CLE,C,Jarrett Allen,11,29.7,5.5,8.5,0.656,0.0,0.0,0.0,2.8,3.9,0.721,2.1,9.0,11.1,1.7,1.3,0.9,1.4,0.5,1.5,3.6,13.9,,
1630631,Alvarado,Jose,1610612740,New Orleans,Pelicans,NOP,G,Jose Alvarado,10,26.3,3.9,9.6,0.406,2.3,5.6,0.411,1.4,1.7,0.824,0.6,1.8,2.4,4.9,1.3,1.6,0.3,0.4,2.4,1.4,11.5,,
203937,Anderson,Kyle,1610612744,Golden State,Warriors,GSW,F-G,Kyle Anderson,10,16.7,2.0,5.5,0.364,0.6,2.4,0.25,1.0,1.4,0.714,1.0,2.7,3.7,2.6,0.3,1.1,0.7,0.0,0.8,1.1,5.6,,
203507,Antetokounmpo,Giannis,1610612749,Milwaukee,Bucks,MIL,F,Giannis Antetokounmpo,9,34.7,12.9,21.2,0.607,0.1,0.7,0.167,5.7,10.2,0.554,2.3,10.4,12.8,5.2,2.7,0.4,0.9,1.0,3.6,8.0,31.6,,
1630175,Anthony,Cole,1610612753,Orlando,Magic,ORL,G,Cole Anthony,9,12.1,1.4,4.1,0.351,0.6,2.1,0.263,1.3,1.9,0.706,0.3,2.2,2.6,2.1,1.4,0.8,0.1,0.2,1.3,2.2,4.8,,
1628384,Anunoby,OG,1610612752,New York,Knicks,NYK,F-G,OG Anunoby,9,36.0,5.6,11.8,0.472,2.2,5.4,0.408,2.2,2.7,0.833,0.8,3.7,4.4,2.7,1.2,1.7,0.6,0.8,2.3,1.8,15.6,,
1630166,Avdija,Deni,1610612757,Portland,Trail Blazers,POR,F,Deni Avdija,11,25.5,2.9,8.4,0.348,0.5,3.2,0.171,2.6,3.5,0.763,1.4,4.3,5.6,3.0,2.0,1.0,0.8,0.5,1.7,2.6,9.0,,
1629028,Ayton,Deandre,1610612757,Portland,Trail Blazers,POR,C,Deandre Ayton,11,29.3,6.2,11.9,0.519,0.5,1.2,0.385,0.5,0.7,0.625,3.0,7.5,10.5,1.0,1.5,0.9,0.5,0.4,2.0,1.5,13.3,,
1628963,Bagley III,Marvin,1610612764,Washington,Wizards,WAS,F,Marvin Bagley III,6,6.9,1.5,3.0,0.5,0.0,0.5,0.0,0.8,1.2,0.714,1.2,1.7,2.8,0.2,0.7,0.0,0.2,0.0,0.2,1.0,3.8,,
1631116,Baldwin Jr.,Patrick,1610612764,Washington,Wizards,WAS,F,Patrick Baldwin Jr.,6,5.9,1.2,2.8,0.412,0.5,1.5,0.333,0.2,0.3,0.5,0.3,0.8,1.2,0.2,0.2,0.3,0.2,0.3,0.5,0.3,3.0,,
1630163,Ball,LaMelo,1610612766,Charlotte,Hornets,CHA,G,LaMelo Ball,10,33.4,10.2,23.0,0.443,4.8,13.0,0.369,4.2,5.0,0.84,1.0,3.9,4.9,6.2,4.7,1.5,0.3,1.1,4.1,4.2,29.4,,
1628366,Ball,Lonzo,1610612741,Chicago,Bulls,CHI,G,Lonzo Ball,3,15.7,1.7,4.7,0.357,1.3,4.0,0.333,0.0,0.0,0.0,0.0,2.7,2.7,3.7,1.0,0.0,0.3,0.0,1.3,0.0,4.7,Wrist,Out
1628964,Bamba,Mo,1610612746,LA,Clippers,LAC,C,Mo Bamba,,,,,,,,,,,,,,,,,,,,,,,Knee,Out
1631094,Banchero,Paolo,1610612753,Orlando,Magic,ORL,F,Paolo Banchero,5,36.4,9.6,19.4,0.495,2.2,6.4,0.344,7.6,11.8,0.644,2.4,6.4,8.8,5.6,2.2,0.6,0.8,1.2,2.6,7.4,29.0,Oblique,Out
1630217,Bane,Desmond,1610612763,Memphis,Grizzlies,MEM,G,Desmond Bane,5,26.5,7.0,14.4,0.486,2.6,6.4,0.406,2.2,2.4,0.917,1.0,4.4,5.4,2.8,1.8,1.0,0.6,0.8,3.0,1.2,18.8,Oblique,Game Time Decision
1630625,Banton,Dalano,1610612757,Portland,Trail Blazers,POR,F,Dalano Banton,9,10.5,3.0,6.3,0.474,0.6,1.9,0.294,2.0,3.0,0.667,0.2,1.1,1.3,1.7,0.7,1.0,0.3,0.8,0.7,2.1,8.6,,
1631230,Barlow,Dominick,1610612737,Atlanta,Hawks,ATL,F,Dominick Barlow,2,5.4,0.0,0.5,0.0,0.0,0.0,0.0,0.5,1.0,0.5,0.0,0.0,0.0,0.0,0.0,0.0,0.0,0.0,0.5,0.5,0.5,,
203084,Barnes,Harrison,1610612759,San Antonio,Spurs,SAS,F,Harrison Barnes,10,28.5,3.6,7.1,0.507,1.1,3.2,0.344,1.4,1.7,0.824,1.7,1.8,3.5,1.5,1.0,0.3,0.2,0.3,0.6,1.7,9.7,,
1630567,Barnes,Scottie,1610612761,Toronto,Raptors,TOR,F-G,Scottie Barnes,4,33.6,7.3,15.8,0.46,0.5,2.8,0.182,4.3,5.8,0.739,2.5,5.3,7.8,6.0,4.0,2.0,0.5,1.0,3.0,4.8,19.3,Orbital,Out
1629628,Barrett,RJ,1610612761,Toronto,Raptors,TOR,F-G,RJ Barrett,8,33.2,8.5,19.6,0.433,2.1,6.5,0.327,4.0,5.8,0.696,0.8,4.9,5.6,6.1,3.4,1.0,0.1,1.5,2.9,4.6,23.1,,
1629646,Bassey,Charles,1610612759,San Antonio,Spurs,SAS,C-F,Charles Bassey,5,3.3,0.4,0.4,1.0,0.0,0.0,0.0,0.4,0.4,1.0,0.0,1.4,1.4,0.2,0.4,0.2,0.2,0.0,0.0,0.2,1.2,,
1641734,Bates,Emoni,1610612739,Cleveland,Cavaliers,CLE,F,Emoni Bates,,,,,,,,,,,,,,,,,,,,,,,Knee,Out
1642419,Battle,Jamison,1610612761,Toronto,Raptors,TOR,F,Jamison Battle,10,14.6,1.8,4.7,0.383,1.2,3.6,0.333,0.6,0.8,0.75,1.0,1.8,2.8,0.9,0.4,0.0,0.2,0.3,1.9,0.6,5.4,,
201587,Batum,Nicolas,1610612746,LA,Clippers,LAC,G-F,Nicolas Batum,10,18.3,1.3,3.5,0.371,0.7,2.4,0.292,0.4,0.6,0.667,0.7,2.2,2.9,2.0,0.4,0.6,0.8,0.1,1.9,0.5,3.7,,
203078,Beal,Bradley,1610612756,Phoenix,Suns,PHX,G,Bradley Beal,8,35.4,6.3,13.4,0.467,2.4,6.6,0.358,2.1,2.8,0.773,0.8,3.4,4.1,3.6,1.3,1.4,0.9,0.6,2.6,2.4,17.0,Knee,Game Time Decision
1627736,Beasley,Malik,1610612765,Detroit,Pistons,DET,G,Malik Beasley,11,26.4,4.2,11.6,0.359,2.6,7.6,0.345,1.1,1.6,0.667,0.5,1.5,2.1,1.6,1.3,0.6,0.1,0.2,1.5,1.1,12.1,,
1630699,Beauchamp,MarJon,1610612749,Milwaukee,Bucks,MIL,F,MarJon Beauchamp,7,3.6,0.7,2.0,0.357,0.1,0.9,0.167,0.6,0.6,1.0,0.3,0.6,0.9,0.1,0.7,0.1,0.0,0.1,0.4,0.3,2.1,,
1641736,Beekman,Reece,1610612744,Golden State,Warriors,GSW,G,Reece Beekman,2,2.0,0.5,0.5,1.0,0.0,0.0,0.0,0.0,0.0,0.0,0.5,0.0,0.5,0.5,0.0,0.5,0.0,0.0,0.5,0.0,1.0,,
1630180,Bey,Saddiq,1610612764,Washington,Wizards,WAS,G-F,Saddiq Bey,,,,,,,,,,,,,,,,,,,,,,,Knee,Out
1629048,Bitadze,Goga,1610612753,Orlando,Magic,ORL,C-F,Goga Bitadze,7,17.4,3.1,4.9,0.647,0.0,0.6,0.0,0.4,0.7,0.6,2.9,3.9,6.7,1.9,0.7,0.4,1.1,0.1,1.7,1.4,6.7,,
1641710,Black,Anthony,1610612753,Orlando,Magic,ORL,G,Anthony Black,11,24.6,2.9,6.5,0.451,0.6,1.9,0.333,1.6,2.3,0.72,0.9,1.8,2.7,4.1,2.1,0.6,0.9,0.3,2.5,1.7,8.1,,
203992,Bogdanović,Bogdan,1610612737,Atlanta,Hawks,ATL,G,Bogdan Bogdanovic,1,27.8,2.0,6.0,0.333,2.0,6.0,0.333,2.0,2.0,1.0,0.0,2.0,2.0,2.0,2.0,0.0,2.0,0.0,3.0,1.0,8.0,Hamstring,Out
202711,Bogdanović,Bojan,1610612751,Brooklyn,Nets,BKN,F,Bojan Bogdanovic,,,,,,,,,,,,,,,,,,,,,,,Foot,Out
1629626,Bol,Bol,1610612756,Phoenix,Suns,PHX,C-F,Bol Bol,,,,,,,,,,,,,,,,,,,,,,,,
1641737,Bona,Adem,1610612755,Philadelphia,76ers,PHI,F,Adem Bona,6,2.4,0.5,0.5,1.0,0.0,0.0,0.0,0.2,0.2,1.0,0.3,0.2,0.5,0.0,0.2,0.0,0.3,0.0,0.3,0.2,1.2,,
1626164,Booker,Devin,1610612756,Phoenix,Suns,PHX,G,Devin Booker,10,37.3,7.5,17.6,0.426,2.6,8.1,0.321,5.5,6.2,0.887,1.2,2.7,3.9,7.3,1.9,1.0,0.3,1.4,2.1,5.0,23.1,,
1630527,Boston Jr.,Brandon,1610612740,New Orleans,Pelicans,NOP,G,Brandon Boston Jr.,7,25.6,4.7,9.3,0.508,1.3,3.3,0.391,2.0,2.3,0.875,0.7,2.3,3.0,3.0,0.7,1.1,0.3,0.7,1.1,1.6,12.7,,
1628449,Boucher,Chris,1610612761,Toronto,Raptors,TOR,F,Chris Boucher,11,18.8,4.3,8.4,0.511,1.3,3.9,0.326,1.7,2.5,0.704,1.0,3.3,4.3,0.8,0.5,0.5,0.7,0.3,1.3,1.6,11.5,,
1631103,Branham,Malaki,1610612759,San Antonio,Spurs,SAS,F,Malaki Branham,9,16.3,3.4,6.6,0.525,1.4,2.8,0.52,1.7,2.0,0.833,0.0,1.9,1.9,1.1,1.4,0.6,0.2,0.6,0.6,0.9,10.0,Ankle,Game Time Decision
1631128,Braun,Christian,1610612743,Denver,Nuggets,DEN,G,Christian Braun,10,35.3,5.8,10.5,0.552,1.7,3.4,0.5,3.0,3.7,0.811,1.2,4.2,5.4,1.6,1.2,0.9,0.9,0.7,2.6,2.4,16.3,,
1641779,Bridges,Jalen,1610612756,Phoenix,Suns,PHX,F,Jalen Bridges,,,,,,,,,,,,,,,,,,,,,,,,
1628969,Bridges,Mikal,1610612752,New York,Knicks,NYK,G-F,Mikal Bridges,9,37.8,6.3,13.6,0.467,2.2,7.0,0.317,0.4,0.9,0.5,1.2,2.3,3.6,3.4,1.6,1.2,0.7,0.2,1.9,1.0,15.3,,
1628970,Bridges,Miles,1610612766,Charlotte,Hornets,CHA,F,Miles Bridges,8,30.5,5.0,12.8,0.392,1.5,5.6,0.267,3.1,3.8,0.833,0.6,6.1,6.8,2.5,1.6,0.5,0.5,1.0,1.5,2.9,14.6,Knee,Out
1627763,Brogdon,Malcolm,1610612764,Washington,Wizards,WAS,G,Malcolm Brogdon,,,,,,,,,,,,,,,,,,,,,,,Thumb,Out
1628415,Brooks,Dillon,1610612745,Houston,Rockets,HOU,G-F,Dillon Brooks,10,31.9,4.3,10.8,0.398,1.9,5.3,0.358,1.6,1.7,0.941,1.3,2.3,3.6,0.7,0.4,0.6,0.2,0.7,3.2,1.6,12.1,,
1628971,Brown,Bruce,1610612761,Toronto,Raptors,TOR,G-F,Bruce Brown,,,,,,,,,,,,,,,,,,,,,,,Knee,Out
1627759,Brown,Jaylen,1610612738,Boston,Celtics,BOS,G-F,Jaylen Brown,7,36.2,8.0,20.4,0.392,1.9,7.1,0.26,6.1,7.6,0.811,1.4,5.4,6.9,3.9,2.0,1.3,0.4,1.7,2.6,6.7,24.0,,
1641738,Brown,Kobe,1610612746,LA,Clippers,LAC,F,Kobe Brown,2,3.8,0.5,0.5,1.0,0.0,0.0,0.0,0.0,0.0,0.0,0.0,0.5,0.5,0.5,0.0,0.0,0.0,0.0,0.0,0.5,1.0,,
1628973,Brunson,Jalen,1610612752,New York,Knicks,NYK,G,Jalen Brunson,9,34.5,9.0,18.9,0.476,2.2,5.3,0.417,4.8,5.9,0.811,0.4,2.4,2.9,6.6,1.8,0.4,0.0,1.2,2.1,5.1,25.0,,
1628418,Bryant,Thomas,1610612748,Miami,Heat,MIA,C-F,Thomas Bryant,7,12.7,1.4,3.0,0.476,0.6,1.6,0.364,0.7,0.7,1.0,0.9,2.7,3.6,0.6,0.1,0.1,0.7,0.1,1.0,0.7,4.1,,
1641723,Bufkin,Kobe,1610612737,Atlanta,Hawks,ATL,G,Kobe Bufkin,,,,,,,,,,,,,,,,,,,,,,,Shoulder,Out
1642486,Buie III,Boo,1610612752,New York,Knicks,NYK,,Boo Buie III,,,,,,,,,,,,,,,,,,,,,,,,
202692,Burks,Alec,1610612748,Miami,Heat,MIA,G,Alec Burks,5,18.3,2.0,4.0,0.5,1.8,2.8,0.643,0.4,0.4,1.0,0.4,1.2,1.6,1.8,0.2,0.6,0.2,0.0,0.4,0.8,6.2,,
1630215,Butler,Jared,1610612764,Washington,Wizards,WAS,G,Jared Butler,7,9.7,1.9,4.0,0.464,0.1,0.7,0.2,1.4,2.1,0.667,0.3,0.7,1.0,2.7,0.3,0.7,0.3,1.0,1.0,1.4,5.3,,
202710,Butler,Jimmy,1610612748,Miami,Heat,MIA,F,Jimmy Butler,8,30.5,5.4,11.3,0.478,0.3,1.6,0.154,5.1,7.0,0.732,2.6,2.1,4.8,4.9,1.8,1.5,0.3,1.4,1.5,4.6,16.1,Ankle,Out
1641824,Buzelis,Matas,1610612741,Chicago,Bulls,CHI,F,Matas Buzelis,9,8.6,0.8,2.7,0.292,0.3,1.2,0.273,0.3,0.7,0.5,0.6,1.3,1.9,0.3,0.7,0.6,0.3,0.1,0.9,0.3,2.2,,
1631288,Cain,Jamal,1610612740,New Orleans,Pelicans,NOP,F,Jamal Cain,7,10.7,1.3,2.9,0.45,0.6,1.6,0.364,0.6,0.9,0.667,0.6,1.1,1.7,0.1,0.6,0.1,0.3,0.0,1.3,0.4,3.7,,
203484,Caldwell-Pope,Kentavious,1610612753,Orlando,Magic,ORL,G,Kentavious Caldwell-Pope,11,29.3,2.2,6.8,0.32,1.0,4.6,0.216,1.5,1.5,1.0,0.5,1.9,2.5,1.9,0.5,1.5,0.7,0.5,2.1,1.0,6.9,,
1641739,Camara,Toumani,1610612757,Portland,Trail Blazers,POR,F,Toumani Camara,11,30.0,3.1,7.1,0.436,1.3,3.2,0.4,1.1,1.5,0.706,2.3,2.6,4.9,2.0,1.6,1.6,0.4,0.5,3.1,2.8,8.5,,
203991,Capela,Clint,1610612737,Atlanta,Hawks,ATL,C,Clint Capela,11,22.7,4.5,7.0,0.649,0.0,0.0,0.0,1.5,2.0,0.727,2.5,4.7,7.2,1.1,1.1,0.4,0.7,0.9,2.0,2.1,10.5,,
1642267,Carrington,Carlton,1610612764,Washington,Wizards,WAS,G,Carlton Carrington,8,30.0,3.4,8.0,0.422,1.0,3.3,0.308,1.8,2.0,0.875,0.1,4.6,4.8,5.0,1.6,1.1,0.3,0.5,3.4,2.3,9.5,Knee,Game Time Decision
1642269,Carter,Devin,1610612758,Sacramento,Kings,SAC,G,Devin Carter,,,,,,,,,,,,,,,,,,,,,,,Shoulder,Out
1628975,Carter,Jevon,1610612741,Chicago,Bulls,CHI,G,Jevon Carter,4,5.3,0.5,1.5,0.333,0.3,1.0,0.25,0.0,0.0,0.0,0.3,0.3,0.5,0.5,0.0,0.3,0.0,0.0,0.0,0.0,1.3,,
1628976,Carter Jr.,Wendell,1610612753,Orlando,Magic,ORL,C-F,Wendell Carter Jr.,6,26.3,2.8,6.3,0.447,0.3,2.7,0.125,2.3,3.0,0.778,2.0,6.8,8.8,2.2,0.5,1.3,0.3,0.0,2.3,3.2,8.3,,
1630618,Carton,D.J.,1610612761,Toronto,Raptors,TOR,G,D.J. Carton,4,8.3,0.3,1.8,0.143,0.0,0.8,0.0,0.3,0.3,1.0,0.0,1.0,1.0,0.8,1.0,0.5,0.0,0.5,0.3,0.3,0.8,,
1627936,Caruso,Alex,1610612760,Oklahoma City,Thunder,OKC,G,Alex Caruso,10,19.5,1.3,4.8,0.271,0.5,2.7,0.185,0.3,0.5,0.6,0.8,2.2,3.0,2.5,0.6,1.8,0.6,0.2,2.7,0.8,3.4,,
1642264,Castle,Stephon,1610612759,San Antonio,Spurs,SAS,G,Stephon Castle,10,22.5,3.1,8.3,0.373,0.6,3.1,0.194,1.6,2.4,0.667,0.6,1.9,2.5,2.5,1.0,0.9,0.3,0.5,1.9,2.3,8.4,,
1630658,Castleton,Colin,1610612763,Memphis,Grizzlies,MEM,C,Colin Castleton,5,2.7,0.0,0.2,0.0,0.0,0.2,0.0,0.8,0.8,1.0,0.0,1.0,1.0,0.0,0.0,0.0,0.2,0.0,0.4,0.4,0.8,,
1630577,Champagnie,Julian,1610612759,San Antonio,Spurs,SAS,F,Julian Champagnie,10,27.8,3.9,8.6,0.453,2.2,6.0,0.367,0.4,0.5,0.8,1.0,4.3,5.3,1.7,1.3,0.7,0.5,0.3,1.4,0.2,10.4,,
1630551,Champagnie,Justin,1610612764,Washington,Wizards,WAS,G-F,Justin Champagnie,1,3.9,0.0,0.0,0.0,0.0,0.0,0.0,0.0,0.0,0.0,1.0,1.0,2.0,1.0,0.0,0.0,0.0,0.0,3.0,0.0,0.0,,
1642279,Chomche,Ulrich,1610612761,Toronto,Raptors,TOR,C,Ulrich Chomche,1,4.5,1.0,1.0,1.0,0.0,0.0,0.0,0.0,0.0,0.0,0.0,1.0,1.0,0.0,0.0,0.0,0.0,0.0,0.0,0.0,2.0,,
1642353,Christie,Cam,1610612746,LA,Clippers,LAC,G,Cam Christie,,,,,,,,,,,,,,,,,,,,,,,,
1631108,Christie,Max,1610612747,Los Angeles,Lakers,LAL,G,Max Christie,10,13.1,1.1,3.3,0.333,0.5,1.7,0.294,1.1,1.2,0.917,0.5,1.3,1.8,1.0,0.6,0.5,0.2,0.4,1.3,0.8,3.8,,
1630528,Christopher,Josh,1610612748,Miami,Heat,MIA,G,Josh Christopher,,,,,,,,,,,,,,,,,,,,,,,,
1631321,Cissoko,Sidy,1610612759,San Antonio,Spurs,SAS,G,Sidy Cissoko,5,2.7,0.4,0.6,0.667,0.2,0.2,1.0,0.0,0.0,0.0,0.2,0.6,0.8,0.8,0.2,0.0,0.0,0.0,0.6,0.0,1.0,,
1641740,Clark,Jaylen,1610612750,Minnesota,Timberwolves,MIN,G,Jaylen Clark,,,,,,,,,,,,,,,,,,,,,,,,
1629634,Clarke,Brandon,1610612763,Memphis,Grizzlies,MEM,F,Brandon Clarke,11,15.1,2.4,4.6,0.51,0.1,0.8,0.111,0.7,1.0,0.727,0.8,2.3,3.1,0.6,0.3,0.9,0.1,0.2,1.4,0.7,5.5,,
203903,Clarkson,Jordan,1610612762,Utah,Jazz,UTA,G,Jordan Clarkson,7,23.9,4.7,12.1,0.388,1.6,5.9,0.268,3.1,4.1,0.759,0.6,3.1,3.7,3.3,2.3,0.7,0.1,1.0,1.6,2.4,14.1,,
1629651,Claxton,Nic,1610612751,Brooklyn,Nets,BKN,C,Nic Claxton,9,24.1,3.9,5.7,0.686,0.0,0.0,0.0,1.0,2.6,0.391,1.9,6.0,7.9,2.6,0.9,0.7,1.2,0.1,2.8,2.2,8.8,,
1642270,Clingan,Donovan,1610612757,Portland,Trail Blazers,POR,C,Donovan Clingan,11,13.9,1.9,3.5,0.538,0.1,0.4,0.25,0.9,1.2,0.769,2.1,2.7,4.8,0.2,0.9,0.4,1.6,0.5,2.5,1.2,4.8,,
1641730,Clowney,Noah,1610612751,Brooklyn,Nets,BKN,F-C,Noah Clowney,8,15.9,1.9,5.9,0.319,0.9,3.3,0.269,1.0,1.3,0.8,1.0,2.3,3.3,0.5,0.5,0.5,0.6,0.6,2.1,0.9,5.6,,
1629599,Coffey,Amir,1610612746,LA,Clippers,LAC,G-F,Amir Coffey,10,22.9,3.3,6.1,0.541,1.5,2.8,0.536,1.0,1.4,0.714,0.5,1.6,2.1,0.6,0.4,0.6,0.0,0.4,1.5,0.9,9.1,,
1642268,Collier,Isaiah,1610612762,Utah,Jazz,UTA,G,Isaiah Collier,2,14.5,1.5,5.0,0.3,0.0,3.0,0.0,0.5,2.0,0.25,0.0,3.0,3.0,2.5,0.5,0.5,0.5,0.0,0.5,1.0,3.5,,
1628381,Collins,John,1610612762,Utah,Jazz,UTA,F-C,John Collins,9,24.3,6.0,12.0,0.5,1.0,2.9,0.346,2.8,2.9,0.962,2.1,5.3,7.4,2.6,2.7,1.0,0.8,1.2,3.6,3.7,15.8,,
1628380,Collins,Zach,1610612759,San Antonio,Spurs,SAS,F-C,Zach Collins,10,14.0,1.9,4.2,0.452,0.8,1.7,0.471,1.3,1.4,0.929,1.2,2.0,3.2,2.1,0.9,0.7,0.2,0.4,2.2,1.2,5.9,,
201144,Conley,Mike,1610612750,Minnesota,Timberwolves,MIN,G,Mike Conley,10,23.4,2.3,7.5,0.307,1.5,5.0,0.3,1.4,1.5,0.933,0.8,2.1,2.9,4.6,1.3,1.3,0.3,0.4,2.0,1.8,7.5,,
1626192,Connaughton,Pat,1610612749,Milwaukee,Bucks,MIL,G,Pat Connaughton,10,16.4,1.4,4.0,0.35,0.7,2.6,0.269,0.7,0.8,0.875,0.4,1.9,2.3,1.8,0.6,0.2,0.1,0.3,1.2,1.0,4.2,,
1641731,Coulibaly,Bilal,1610612764,Washington,Wizards,WAS,G,Bilal Coulibaly,8,34.7,6.3,10.9,0.575,1.5,3.9,0.387,3.0,3.6,0.828,1.9,3.6,5.5,3.0,2.5,1.1,0.8,0.4,2.9,2.3,17.0,,
1641741,Council IV,Ricky,1610612755,Philadelphia,76ers,PHI,G,Ricky Council IV,6,8.7,0.8,2.3,0.357,0.3,1.0,0.333,1.0,1.0,1.0,0.2,0.8,1.0,0.8,0.3,0.0,0.0,0.2,0.3,0.5,3.0,,
1628470,Craig,Torrey,1610612741,Chicago,Bulls,CHI,F,Torrey Craig,2,3.2,0.0,0.5,0.0,0.0,0.5,0.0,0.0,0.0,0.0,0.0,1.0,1.0,0.0,0.0,0.0,0.0,0.0,1.0,0.0,0.0,,
1642384,Crawford,Isaiah,1610612758,Sacramento,Kings,SAC,F,Isaiah Crawford,,,,,,,,,,,,,,,,,,,,,,,,
1630595,Cunningham,Cade,1610612765,Detroit,Pistons,DET,G,Cade Cunningham,11,36.1,9.1,19.3,0.472,1.9,5.5,0.35,3.0,3.8,0.786,0.8,6.5,7.3,8.3,4.7,0.5,0.8,1.3,2.6,2.8,23.1,,
203552,Curry,Seth,1610612766,Charlotte,Hornets,CHA,G,Seth Curry,9,18.8,2.2,5.2,0.426,1.3,3.0,0.444,0.3,0.6,0.6,1.0,1.2,2.2,0.7,0.3,0.6,0.1,0.0,1.9,1.0,6.1,,
201939,Curry,Stephen,1610612744,Golden State,Warriors,GSW,G,Stephen Curry,7,28.3,7.1,15.1,0.472,3.9,8.9,0.435,3.9,4.0,0.964,0.3,4.3,4.6,6.3,3.6,1.9,0.4,0.9,1.3,2.3,22.0,,
1642359,Dadiet,Pacôme,1610612752,New York,Knicks,NYK,F,Pacome Dadiet,4,6.9,0.5,1.5,0.333,0.3,0.8,0.333,0.0,0.0,0.0,0.0,1.0,1.0,0.3,0.3,0.0,0.0,0.3,0.5,0.3,1.3,,
1630700,Daniels,Dyson,1610612737,Atlanta,Hawks,ATL,G,Dyson Daniels,9,32.2,5.4,12.1,0.45,1.1,4.0,0.278,0.8,1.6,0.5,1.1,3.3,4.4,2.4,1.2,3.3,0.8,0.4,2.9,1.4,12.8,,
1642368,Dante,N'Faly,1610612745,Houston,Rockets,HOU,C,N'Faly Dante,,,,,,,,,,,,,,,,,,,,,,,,
203076,Davis,Anthony,1610612747,Los Angeles,Lakers,LAL,F-C,Anthony Davis,9,35.1,10.8,18.7,0.577,0.7,1.9,0.353,9.0,11.3,0.794,2.1,8.3,10.4,2.8,2.2,1.3,2.0,0.8,1.2,7.4,31.2,Eye,Game Time Decision
1631098,Davis,Johnny,1610612764,Washington,Wizards,WAS,G,Johnny Davis,7,8.7,1.4,2.9,0.5,0.1,0.3,0.5,0.1,0.3,0.5,0.4,1.0,1.4,0.3,0.1,0.1,0.0,0.3,1.1,0.3,3.1,,
1631120,Davison,JD,1610612738,Boston,Celtics,BOS,G,JD Davison,3,4.8,0.3,1.3,0.25,0.0,0.7,0.0,0.3,0.7,0.5,0.0,0.3,0.3,0.3,1.3,0.3,0.0,0.0,0.3,0.7,1.0,,
201942,DeRozan,DeMar,1610612758,Sacramento,Kings,SAC,G-F,DeMar DeRozan,10,38.3,9.3,17.7,0.525,0.9,2.4,0.375,5.7,6.6,0.864,0.5,3.1,3.6,4.0,2.1,1.8,0.4,0.6,1.3,4.6,25.2,,
1628978,DiVincenzo,Donte,1610612750,Minnesota,Timberwolves,MIN,G,Donte DiVincenzo,10,27.5,3.6,9.8,0.367,2.5,7.6,0.329,1.1,1.4,0.786,0.6,3.0,3.6,3.7,1.9,1.6,0.4,0.5,2.1,2.0,10.8,,
1631217,Diabaté,Moussa,1610612766,Charlotte,Hornets,CHA,F,Moussa Diabate,10,14.2,1.2,2.1,0.571,0.0,0.0,0.0,0.3,0.8,0.375,2.3,3.9,6.2,0.4,0.8,0.2,0.5,0.0,1.4,1.1,2.7,,
1641711,Dick,Gradey,1610612761,Toronto,Raptors,TOR,G-F,Gradey Dick,11,31.9,6.8,14.8,0.46,2.5,6.6,0.37,2.9,3.3,0.889,0.5,1.8,2.4,2.3,1.4,1.1,0.5,0.6,2.3,2.7,19.0,,
1631172,Dieng,Ousmane,1610612760,Oklahoma City,Thunder,OKC,F,Ousmane Dieng,10,12.4,1.6,4.3,0.372,0.7,2.5,0.28,0.5,0.7,0.714,0.6,2.6,3.2,1.0,0.1,0.7,0.3,0.3,0.9,0.6,4.4,,
1642265,Dillingham,Rob,1610612750,Minnesota,Timberwolves,MIN,G,Rob Dillingham,4,4.7,1.3,1.8,0.714,0.3,0.3,1.0,0.0,0.0,0.0,0.0,0.8,0.8,1.8,0.5,0.0,0.0,0.0,0.3,0.0,2.8,,
203915,Dinwiddie,Spencer,1610612742,Dallas,Mavericks,DAL,G,Spencer Dinwiddie,9,18.5,1.6,4.4,0.35,0.9,3.0,0.296,0.8,1.1,0.7,0.1,1.0,1.1,2.1,0.6,0.2,0.2,0.1,1.6,1.1,4.8,,
1629029,Dončić,Luka,1610612742,Dallas,Mavericks,DAL,F-G,Luka Doncic,10,37.6,9.6,23.3,0.412,3.3,9.9,0.333,5.8,7.4,0.784,0.5,7.6,8.1,8.1,3.1,1.3,0.4,0.5,3.3,6.3,28.3,,
1629652,Dort,Luguentz,1610612760,Oklahoma City,Thunder,OKC,G,Luguentz Dort,10,26.5,3.7,7.9,0.468,2.2,4.9,0.449,1.2,1.3,0.923,0.9,2.7,3.6,1.6,0.5,1.3,0.8,0.3,2.8,2.0,10.8,,
1630245,Dosunmu,Ayo,1610612741,Chicago,Bulls,CHI,G,Ayo Dosunmu,10,28.4,4.2,9.9,0.424,1.0,4.6,0.217,1.4,1.5,0.933,0.8,4.0,4.8,4.0,1.4,0.1,0.5,1.1,2.3,1.7,10.8,,
1630288,Dowtin Jr.,Jeff,1610612755,Philadelphia,76ers,PHI,G,Jeff Dowtin Jr.,4,7.5,1.3,2.5,0.5,0.3,0.8,0.333,0.5,0.5,1.0,0.0,0.5,0.5,0.3,0.0,0.3,0.0,0.0,0.3,0.5,3.3,,
1628408,Dozier,PJ,1610612750,Minnesota,Timberwolves,MIN,G-F,PJ Dozier,4,3.7,0.3,0.5,0.5,0.3,0.5,0.5,0.3,0.5,0.5,0.3,0.5,0.8,0.5,0.0,0.3,0.0,0.0,0.5,0.3,1.0,,
203083,Drummond,Andre,1610612755,Philadelphia,76ers,PHI,C,Andre Drummond,9,26.2,3.8,7.6,0.5,0.1,0.4,0.25,2.0,3.8,0.529,3.8,6.9,10.7,0.4,2.2,1.6,0.4,1.1,3.7,3.2,9.7,,
1630537,Duarte,Chris,1610612741,Chicago,Bulls,CHI,G,Chris Duarte,4,3.9,0.8,1.3,0.6,0.8,1.3,0.6,1.0,1.5,0.667,0.0,0.5,0.5,0.5,0.0,0.0,0.0,0.0,0.0,1.0,3.3,,
1642505,Ducas,Alex,1610612760,Oklahoma City,Thunder,OKC,G,Alex Ducas,4,1.8,0.0,0.8,0.0,0.0,0.5,0.0,0.0,0.0,0.0,0.0,0.0,0.0,0.0,0.0,0.0,0.0,0.0,0.0,0.0,0.0,,
1630561,Duke Jr.,David,1610612759,San Antonio,Spurs,SAS,G,David Duke Jr.,1,8.2,1.0,4.0,0.25,0.0,1.0,0.0,1.0,2.0,0.5,0.0,0.0,0.0,2.0,0.0,0.0,0.0,0.0,1.0,2.0,3.0,,
1627739,Dunn,Kris,1610612746,LA,Clippers,LAC,G,Kris Dunn,10,21.1,2.7,4.7,0.574,1.1,2.4,0.458,0.2,0.6,0.333,0.9,3.0,3.9,2.2,1.0,1.0,0.2,0.0,2.7,1.0,6.7,,
1642346,Dunn,Ryan,1610612756,Phoenix,Suns,PHX,F,Ryan Dunn,9,16.4,2.7,5.7,0.471,1.4,4.0,0.361,0.1,0.2,0.5,0.3,1.9,2.2,0.8,0.3,0.4,0.3,0.1,2.2,0.1,6.9,,
201142,Durant,Kevin,1610612756,Phoenix,Suns,PHX,F,Kevin Durant,9,38.8,9.9,17.9,0.553,2.7,6.2,0.429,5.1,6.1,0.836,0.2,6.3,6.6,3.4,3.3,0.8,1.4,0.3,1.8,6.2,27.6,Calf,Out
1631105,Duren,Jalen,1610612765,Detroit,Pistons,DET,C,Jalen Duren,9,23.4,3.3,4.0,0.833,0.0,0.0,0.0,1.3,2.3,0.571,3.2,6.4,9.7,2.4,1.8,0.3,1.2,0.1,3.0,2.6,8.0,Ankle,Game Time Decision
1631106,Eason,Tari,1610612745,Houston,Rockets,HOU,F,Tari Eason,10,22.2,4.8,8.7,0.552,1.2,2.9,0.414,1.0,1.6,0.625,2.3,2.8,5.1,1.2,0.9,1.8,1.0,0.4,2.4,1.3,11.8,,
1641744,Edey,Zach,1610612763,Memphis,Grizzlies,MEM,C,Zach Edey,11,19.8,4.8,7.5,0.646,0.4,0.6,0.571,1.2,2.1,0.565,2.9,3.7,6.6,0.7,1.8,0.8,0.9,0.5,3.0,2.1,11.2,,
1630162,Edwards,Anthony,1610612750,Minnesota,Timberwolves,MIN,G,Anthony Edwards,10,36.2,9.9,20.9,0.474,5.4,11.8,0.458,3.1,4.6,0.674,0.5,5.3,5.8,3.8,3.6,0.9,0.5,0.6,2.0,3.5,28.3,,
1642399,Edwards,Jesse,1610612750,Minnesota,Timberwolves,MIN,C,Jesse Edwards,,,,,,,,,,,,,,,,,,,,,,,,
1642348,Edwards,Justin,1610612755,Philadelphia,76ers,PHI,F,Justin Edwards,,,,,,,,,,,,,,,,,,,,,,,,
1630556,Edwards,Kessler,1610612742,Dallas,Mavericks,DAL,F,Kessler Edwards,3,2.5,0.0,0.7,0.0,0.0,0.7,0.0,0.0,0.0,0.0,0.0,0.0,0.0,0.0,0.3,0.0,0.0,0.0,0.7,0.0,0.0,,
1631165,Ellis,Keon,1610612758,Sacramento,Kings,SAC,G,Keon Ellis,9,20.9,2.0,3.9,0.514,0.9,2.4,0.364,1.1,1.3,0.833,1.0,1.0,2.0,1.0,0.7,1.4,0.9,0.1,2.2,1.0,6.0,,
203954,Embiid,Joel,1610612755,Philadelphia,76ers,PHI,C-F,Joel Embiid,,,,,,,,,,,,,,,,,,,,,,,,
1629234,Eubanks,Drew,1610612762,Utah,Jazz,UTA,F-C,Drew Eubanks,6,14.1,1.3,2.7,0.5,0.2,0.5,0.333,1.0,1.2,0.857,1.5,2.7,4.2,1.3,1.0,0.2,0.7,0.2,1.2,1.3,3.8,,
203957,Exum,Danté,1610612742,Dallas,Mavericks,DAL,G,Dante Exum,,,,,,,,,,,,,,,,,,,,,,,Wrist,Out
1628981,Fernando,Bruno,1610612761,Toronto,Raptors,TOR,F-C,Bruno Fernando,8,7.9,1.3,2.5,0.5,0.0,0.0,0.0,0.5,0.5,1.0,1.3,1.3,2.5,0.9,0.8,0.1,0.6,0.4,2.3,0.4,3.0,,
1642271,Filipowski,Kyle,1610612762,Utah,Jazz,UTA,C,Kyle Filipowski,8,14.7,2.1,4.1,0.515,0.8,2.1,0.353,0.1,0.8,0.167,0.5,3.3,3.8,1.6,1.0,0.3,0.0,0.4,1.6,1.1,5.1,,
1627827,Finney-Smith,Dorian,1610612751,Brooklyn,Nets,BKN,F,Dorian Finney-Smith,10,28.9,3.7,8.4,0.44,1.9,5.5,0.345,0.7,1.2,0.583,2.1,2.9,5.0,1.6,1.3,1.2,0.6,0.3,3.8,1.2,10.0,Ankle,Game Time Decision
1641745,Flagler,Adam,1610612760,Oklahoma City,Thunder,OKC,G,Adam Flagler,4,1.8,0.5,0.5,1.0,0.5,0.5,1.0,0.0,0.0,0.0,0.0,0.3,0.3,0.0,0.0,0.3,0.0,0.0,0.5,0.0,1.5,,
1642280,Flowers,Trentyn,1610612746,LA,Clippers,LAC,F,Trentyn Flowers,,,,,,,,,,,,,,,,,,,,,,,,
1631323,Fontecchio,Simone,1610612765,Detroit,Pistons,DET,F,Simone Fontecchio,11,18.7,1.7,4.9,0.352,1.0,3.3,0.306,1.5,1.9,0.81,0.8,2.9,3.7,0.7,0.5,0.2,0.1,0.1,1.1,1.5,6.0,,
1628368,Fox,De'Aaron,1610612758,Sacramento,Kings,SAC,G,De'Aaron Fox,10,37.4,8.9,18.8,0.473,1.8,6.6,0.273,4.6,5.3,0.868,1.0,4.2,5.2,4.9,3.7,1.7,0.0,0.7,2.8,4.5,24.2,,
1642402,Freeman,Enrique,1610612754,Indiana,Pacers,IND,F,Enrique Freeman,4,8.5,0.3,0.8,0.333,0.0,0.3,0.0,0.5,0.5,1.0,0.3,0.3,0.5,0.5,0.3,0.3,0.3,0.0,1.0,0.3,1.0,,
1642277,Furphy,Johnny,1610612754,Indiana,Pacers,IND,G,Johnny Furphy,3,4.4,0.0,2.0,0.0,0.0,1.0,0.0,0.0,0.0,0.0,0.0,0.7,0.7,0.0,0.0,0.0,0.0,0.3,0.0,0.0,0.0,,
1629655,Gafford,Daniel,1610612742,Dallas,Mavericks,DAL,F-C,Daniel Gafford,10,20.9,5.1,7.2,0.708,0.0,0.0,0.0,1.7,2.3,0.739,2.5,3.6,6.1,1.2,0.8,0.5,1.2,0.4,3.4,2.8,11.9,,
1629636,Garland,Darius,1610612739,Cleveland,Cavaliers,CLE,G,Darius Garland,11,29.5,7.6,14.2,0.538,3.5,7.3,0.475,1.7,1.8,0.95,0.5,1.5,1.9,6.6,2.6,1.2,0.4,0.2,2.6,2.0,20.5,,
1630568,Garza,Luka,1610612750,Minnesota,Timberwolves,MIN,C,Luka Garza,4,4.2,1.0,2.8,0.364,0.0,1.0,0.0,0.0,0.3,0.0,0.3,1.0,1.3,0.0,0.5,0.0,0.0,0.3,0.3,0.5,2.0,,
1641718,George,Keyonte,1610612762,Utah,Jazz,UTA,G,Keyonte George,8,31.7,4.8,14.8,0.322,2.6,8.8,0.3,3.5,4.5,0.778,0.5,2.4,2.9,6.4,3.3,0.5,0.1,1.4,1.3,3.5,15.6,Foot,Game Time Decision
1642273,George,Kyshawn,1610612764,Washington,Wizards,WAS,F,Kyshawn George,8,29.2,3.5,9.4,0.373,1.9,6.9,0.273,0.9,1.3,0.7,0.5,4.3,4.8,2.5,1.1,1.0,1.3,0.5,4.3,1.3,9.8,,
202331,George,Paul,1610612755,Philadelphia,76ers,PHI,F,Paul George,4,28.3,5.3,13.5,0.389,1.0,6.3,0.16,2.8,3.3,0.846,1.0,3.8,4.8,5.8,3.5,1.8,0.3,0.3,2.5,3.8,14.3,,
201959,Gibson,Taj,1610612766,Charlotte,Hornets,CHA,F,Taj Gibson,5,12.3,1.6,3.0,0.533,0.2,0.4,0.5,0.4,0.6,0.667,1.8,2.4,4.2,0.2,0.4,0.2,0.6,0.2,2.2,1.2,3.8,,
1630581,Giddey,Josh,1610612741,Chicago,Bulls,CHI,G,Josh Giddey,10,28.7,4.8,11.4,0.421,1.4,3.3,0.424,2.5,3.9,0.641,1.5,5.0,6.5,7.0,2.6,0.8,0.1,1.3,1.1,2.5,13.5,,
1628983,Gilgeous-Alexander,Shai,1610612760,Oklahoma City,Thunder,OKC,G,Shai Gilgeous-Alexander,10,32.6,9.2,18.9,0.487,1.4,5.3,0.264,6.3,7.1,0.887,0.9,4.9,5.8,6.2,3.0,1.4,1.0,0.6,1.7,5.0,26.1,,
1630264,Gill,Anthony,1610612764,Washington,Wizards,WAS,F,Anthony Gill,6,3.1,0.5,0.8,0.6,0.2,0.3,0.5,0.2,0.3,0.5,0.2,0.5,0.7,0.5,0.2,0.3,0.0,0.2,0.2,0.3,1.3,,
1631221,Gillespie,Collin,1610612756,Phoenix,Suns,PHX,G,Collin Gillespie,1,3.4,1.0,2.0,0.5,1.0,1.0,1.0,0.0,0.0,0.0,0.0,0.0,0.0,0.0,0.0,0.0,0.0,0.0,0.0,0.0,3.0,Ankle,Game Time Decision
203497,Gobert,Rudy,1610612750,Minnesota,Timberwolves,MIN,C,Rudy Gobert,10,31.6,4.3,6.6,0.652,0.0,0.0,0.0,2.3,2.9,0.793,3.0,7.7,10.7,1.9,1.6,0.5,1.4,1.1,3.1,3.4,10.9,,
203932,Gordon,Aaron,1610612743,Denver,Nuggets,DEN,F,Aaron Gordon,7,30.3,5.3,10.0,0.529,1.7,3.1,0.545,3.1,3.7,0.846,2.7,4.0,6.7,3.1,1.3,0.7,0.3,0.7,1.9,3.0,15.4,Calf,Out
201569,Gordon,Eric,1610612755,Philadelphia,76ers,PHI,G,Eric Gordon,8,20.6,1.9,4.9,0.385,0.9,2.9,0.304,1.5,2.0,0.75,0.3,0.5,0.8,1.5,1.1,0.1,0.3,0.8,1.0,1.4,6.1,,
1641789,Gortman,Jazian,1610612742,Dallas,Mavericks,DAL,G,Jazian Gortman,2,2.3,0.5,0.5,1.0,0.5,0.5,1.0,0.0,0.0,0.0,0.0,0.0,0.0,0.0,0.5,0.0,0.0,0.0,0.0,0.0,1.5,,
203924,Grant,Jerami,1610612757,Portland,Trail Blazers,POR,F,Jerami Grant,11,32.7,6.1,15.3,0.399,2.5,7.4,0.333,3.5,4.5,0.776,0.4,3.5,3.8,1.7,1.5,0.8,1.3,1.2,1.9,3.4,18.1,,
1631260,Green,AJ,1610612749,Milwaukee,Bucks,MIL,G,AJ Green,9,15.6,2.6,4.2,0.605,2.6,4.2,0.605,0.2,0.2,1.0,0.0,1.2,1.2,0.7,0.3,0.6,0.0,0.0,0.7,0.3,7.9,,
203110,Green,Draymond,1610612744,Golden State,Warriors,GSW,F,Draymond Green,10,27.2,2.6,5.9,0.441,1.4,3.1,0.452,1.9,2.7,0.704,0.9,4.2,5.1,5.1,2.0,0.9,1.0,0.1,3.6,3.2,8.5,,
1630224,Green,Jalen,1610612745,Houston,Rockets,HOU,G,Jalen Green,10,33.2,7.1,18.2,0.39,3.2,9.0,0.356,3.6,4.2,0.857,0.3,4.3,4.6,3.0,2.3,0.8,0.5,1.3,2.2,2.9,21.0,,
1629750,Green,Javonte,1610612740,New Orleans,Pelicans,NOP,G,Javonte Green,10,21.8,1.7,3.5,0.486,0.6,1.4,0.429,1.1,1.2,0.917,0.8,2.2,3.0,0.6,0.4,1.3,0.5,0.2,1.2,1.0,5.1,,
201145,Green,Jeff,1610612745,Houston,Rockets,HOU,F,Jeff Green,3,4.1,1.0,1.0,1.0,0.7,0.7,1.0,0.0,0.0,0.0,0.0,0.3,0.3,0.3,0.3,0.3,0.0,0.0,0.3,0.0,2.7,,
1630182,Green,Josh,1610612766,Charlotte,Hornets,CHA,G,Josh Green,8,22.4,1.8,4.5,0.389,1.3,2.9,0.435,0.4,0.6,0.6,0.5,0.9,1.4,1.1,0.4,0.5,0.5,0.3,2.8,1.3,5.1,,
1629656,Grimes,Quentin,1610612742,Dallas,Mavericks,DAL,G,Quentin Grimes,9,12.0,1.2,3.1,0.393,0.6,1.7,0.333,0.3,0.6,0.6,0.2,1.9,2.1,0.3,0.3,0.4,0.1,0.1,1.6,0.3,3.3,,
1631243,Gueye,Mouhamed,1610612737,Atlanta,Hawks,ATL,F,Mouhamed Gueye,2,5.7,0.5,2.0,0.25,0.0,1.0,0.0,0.0,0.0,0.0,0.0,1.0,1.0,0.0,0.5,0.0,0.0,0.0,0.0,0.0,1.0,,
1629060,Hachimura,Rui,1610612747,Los Angeles,Lakers,LAL,F,Rui Hachimura,9,33.7,4.3,11.1,0.39,1.7,3.6,0.469,1.7,2.0,0.833,2.1,3.9,6.0,1.3,0.7,0.7,0.4,1.3,2.1,1.6,12.0,,
1630169,Haliburton,Tyrese,1610612754,Indiana,Pacers,IND,G,Tyrese Haliburton,10,34.8,5.8,14.2,0.408,2.1,7.7,0.273,3.0,3.9,0.769,0.7,3.6,4.3,8.3,1.8,1.3,0.5,0.5,2.1,2.8,16.7,,
1641790,Hall,PJ,1610612743,Denver,Nuggets,DEN,C,PJ Hall,,,,,,,,,,,,,,,,,,,,,,,,
203501,Hardaway Jr.,Tim,1610612765,Detroit,Pistons,DET,G-F,Tim Hardaway Jr.,11,29.3,4.0,8.6,0.463,2.8,6.0,0.47,1.8,2.1,0.87,0.1,1.6,1.7,2.1,0.7,0.5,0.0,0.2,1.5,3.0,12.6,,
201935,Harden,James,1610612746,LA,Clippers,LAC,G,James Harden,10,34.9,6.0,16.6,0.361,2.4,8.1,0.296,6.8,7.9,0.861,0.7,7.4,8.1,9.0,5.2,1.7,1.0,1.1,2.3,5.6,21.2,,
1630702,Hardy,Jaden,1610612742,Dallas,Mavericks,DAL,G,Jaden Hardy,9,10.9,1.2,3.9,0.314,0.8,2.7,0.292,0.2,0.2,1.0,0.3,0.6,0.9,1.0,1.1,0.2,0.1,0.1,1.1,0.3,3.4,,
203914,Harris,Gary,1610612753,Orlando,Magic,ORL,G,Gary Harris,10,17.4,1.6,4.2,0.381,1.2,3.2,0.375,0.2,0.3,0.667,0.4,1.0,1.4,0.5,0.5,0.1,0.5,0.1,0.4,0.1,4.6,,
202699,Harris,Tobias,1610612765,Detroit,Pistons,DET,F,Tobias Harris,11,32.8,5.5,11.6,0.469,1.1,4.2,0.261,1.5,2.0,0.773,0.9,6.6,7.5,2.4,1.5,0.8,1.4,0.7,2.8,1.5,13.5,,
1628404,Hart,Josh,1610612752,New York,Knicks,NYK,G,Josh Hart,9,36.7,5.2,9.1,0.573,1.0,3.4,0.29,2.3,2.8,0.84,1.9,7.1,9.0,5.1,1.9,1.1,0.2,0.3,2.2,2.1,13.8,,
1628392,Hartenstein,Isaiah,1610612760,Oklahoma City,Thunder,OKC,C-F,Isaiah Hartenstein,,,,,,,,,,,,,,,,,,,,,,,Hand,Out
1630573,Hauser,Sam,1610612738,Boston,Celtics,BOS,F,Sam Hauser,8,20.5,2.6,7.4,0.356,1.8,6.0,0.292,0.0,0.0,0.0,1.0,2.9,3.9,1.4,0.4,0.8,0.1,0.0,1.0,0.6,7.0,,
1641722,Hawkins,Jordan,1610612740,New Orleans,Pelicans,NOP,G,Jordan Hawkins,8,30.3,5.3,12.9,0.408,2.4,6.5,0.365,3.4,3.6,0.931,0.5,4.0,4.5,1.4,1.6,0.1,0.4,0.6,1.4,2.8,16.3,Back,Out
1629637,Hayes,Jaxson,1610612747,Los Angeles,Lakers,LAL,C-F,Jaxson Hayes,10,17.5,2.4,3.4,0.706,0.0,0.0,0.0,1.5,1.9,0.789,1.9,2.7,4.6,0.9,0.6,0.3,0.9,0.1,2.7,1.9,6.3,,
1630703,Henderson,Scoot,1610612757,Portland,Trail Blazers,POR,G,Scoot Henderson,11,25.8,4.3,10.6,0.402,0.8,3.0,0.273,2.5,3.0,0.818,0.6,2.3,2.9,4.8,2.9,0.8,0.0,0.9,2.5,3.0,11.8,,
1641707,Hendricks,Taylor,1610612762,Utah,Jazz,UTA,F,Taylor Hendricks,3,24.8,1.3,6.0,0.222,1.0,4.0,0.25,1.0,1.3,0.75,1.7,3.3,5.0,0.7,0.7,1.7,1.3,0.0,2.7,0.7,4.7,Lower Leg,Out For Season
1629639,Herro,Tyler,1610612748,Miami,Heat,MIA,G,Tyler Herro,9,32.5,8.1,16.0,0.507,4.0,8.8,0.456,3.0,3.7,0.818,0.2,5.0,5.2,5.0,2.8,0.3,0.2,0.8,2.4,2.4,23.2,,
1627741,Hield,Buddy,1610612744,Golden State,Warriors,GSW,G,Buddy Hield,10,24.9,6.4,12.8,0.5,4.0,8.2,0.488,1.2,1.4,0.857,0.7,3.6,4.3,2.1,0.9,0.8,0.5,0.6,2.2,1.1,18.0,,
1629312,Highsmith,Haywood,1610612748,Miami,Heat,MIA,F,Haywood Highsmith,7,22.9,3.0,5.3,0.568,1.0,2.7,0.368,0.7,1.1,0.625,0.7,2.3,3.0,0.7,0.3,1.6,0.4,0.0,1.7,1.3,7.7,,
1628988,Holiday,Aaron,1610612745,Houston,Rockets,HOU,G,Aaron Holiday,4,7.8,0.8,2.0,0.375,0.5,1.3,0.4,0.3,0.3,1.0,0.0,0.5,0.5,1.8,0.3,0.3,0.0,0.0,0.0,0.5,2.3,,
201950,Holiday,Jrue,1610612738,Boston,Celtics,BOS,G,Jrue Holiday,11,30.8,4.8,10.0,0.482,2.0,5.2,0.386,1.3,1.5,0.824,0.6,3.2,3.8,3.7,1.5,0.4,0.2,0.5,1.5,1.9,12.9,,
1641842,Holland II,Ronald,1610612765,Detroit,Pistons,DET,F,Ronald Holland II,11,14.3,2.4,5.3,0.448,0.4,2.4,0.154,0.8,0.9,0.9,0.4,2.2,2.5,0.4,0.6,0.5,0.1,0.4,1.5,1.1,5.9,,
1626158,Holmes,Richaun,1610612764,Washington,Wizards,WAS,F,Richaun Holmes,2,3.9,1.5,3.0,0.5,0.0,0.5,0.0,0.0,0.0,0.0,0.5,0.5,1.0,0.0,0.0,0.0,0.0,0.0,0.5,0.0,3.0,Illness,Game Time Decision
1641747,Holmes II,DaRon,1610612743,Denver,Nuggets,DEN,F,DaRon Holmes II,,,,,,,,,,,,,,,,,,,,,,,,
1631096,Holmgren,Chet,1610612760,Oklahoma City,Thunder,OKC,C-F,Chet Holmgren,10,26.5,5.6,11.1,0.505,1.4,3.7,0.378,3.8,4.9,0.776,1.6,7.1,8.7,2.0,2.3,0.8,2.6,0.6,1.8,3.2,16.4,Hip,Out
1641720,Hood-Schifino,Jalen,1610612747,Los Angeles,Lakers,LAL,G,Jalen Hood-Schifino,1,1.5,0.0,0.0,0.0,0.0,0.0,0.0,0.0,0.0,0.0,0.0,0.0,0.0,0.0,0.0,0.0,0.0,0.0,0.0,0.0,0.0,,
201143,Horford,Al,1610612738,Boston,Celtics,BOS,C-F,Al Horford,10,26.7,3.2,6.6,0.485,2.0,4.6,0.435,0.3,0.3,1.0,1.0,4.7,5.7,2.4,1.0,1.1,0.7,0.0,1.3,0.5,8.7,Toe,Game Time Decision
1629659,Horton-Tucker,Talen,1610612741,Chicago,Bulls,CHI,G,Talen Horton-Tucker,7,11.9,1.7,3.7,0.462,0.4,1.4,0.3,1.3,1.9,0.692,0.4,2.0,2.4,1.7,0.4,0.0,0.1,0.3,0.6,1.3,5.1,,
1631216,Houstan,Caleb,1610612753,Orlando,Magic,ORL,G,Caleb Houstan,7,5.3,0.4,1.7,0.25,0.3,1.3,0.222,0.0,0.0,0.0,0.1,0.6,0.7,0.0,0.0,0.0,0.1,0.1,0.9,0.1,1.1,,
1641724,Howard,Jett,1610612753,Orlando,Magic,ORL,G,Jett Howard,11,9.2,1.5,3.9,0.372,1.2,3.2,0.371,0.2,0.2,1.0,0.1,0.9,1.0,0.1,0.3,0.1,0.3,0.2,0.6,0.2,4.3,,
1628989,Huerter,Kevin,1610612758,Sacramento,Kings,SAC,G-F,Kevin Huerter,8,26.1,4.4,8.9,0.493,2.3,6.0,0.375,0.3,0.3,1.0,0.5,2.9,3.4,2.0,0.8,1.0,0.6,0.0,3.0,0.3,11.3,,
1630643,Huff,Jay,1610612763,Memphis,Grizzlies,MEM,C,Jay Huff,11,15.7,3.5,6.1,0.582,1.9,4.0,0.477,1.4,1.4,1.0,0.5,2.2,2.7,0.8,0.5,0.3,1.9,0.1,1.4,0.9,10.4,,
1630574,Hukporti,Ariel,1610612752,New York,Knicks,NYK,C,Ariel Hukporti,5,6.4,0.0,0.4,0.0,0.0,0.0,0.0,0.0,0.0,0.0,0.0,1.8,1.8,0.0,0.6,0.0,0.8,0.2,1.2,0.6,0.0,,
1629631,Hunter,De'Andre,1610612737,Atlanta,Hawks,ATL,F-G,De'Andre Hunter,2,29.5,5.0,12.0,0.417,2.0,5.0,0.4,6.0,6.5,0.923,1.0,5.5,6.5,2.0,0.0,1.0,0.5,1.5,4.5,5.0,18.0,Knee,Game Time Decision
1630538,Hyland,Bones,1610612746,LA,Clippers,LAC,G,Bones Hyland,2,3.8,1.0,2.5,0.4,0.5,1.0,0.5,0.0,0.0,0.0,0.0,0.5,0.5,0.0,0.5,0.5,0.5,0.0,0.5,0.0,2.5,,
1642345,Ighodaro,Oso,1610612756,Phoenix,Suns,PHX,F,Oso Ighodaro,5,8.1,0.8,1.4,0.571,0.0,0.0,0.0,0.2,0.2,1.0,0.6,1.6,2.2,0.2,0.6,0.0,0.2,0.2,1.8,0.2,1.8,,
204060,Ingles,Joe,1610612750,Minnesota,Timberwolves,MIN,F-G,Joe Ingles,5,5.2,0.0,0.4,0.0,0.0,0.4,0.0,0.0,0.0,0.0,0.4,0.0,0.4,1.6,0.2,0.0,0.0,0.0,1.0,0.2,0.0,,
1627742,Ingram,Brandon,1610612740,New Orleans,Pelicans,NOP,F,Brandon Ingram,10,32.5,9.1,18.8,0.484,2.3,6.5,0.354,2.3,2.6,0.885,1.1,4.9,6.0,4.6,3.2,0.8,0.6,1.4,2.8,3.3,22.8,,
1631127,Ingram,Harrison,1610612759,San Antonio,Spurs,SAS,F,Harrison Ingram,1,6.8,0.0,1.0,0.0,0.0,0.0,0.0,0.0,0.0,0.0,0.0,1.0,1.0,0.0,0.0,0.0,0.0,0.0,1.0,0.0,0.0,,
202681,Irving,Kyrie,1610612742,Dallas,Mavericks,DAL,G,Kyrie Irving,10,35.6,9.6,17.8,0.539,3.2,5.8,0.552,3.2,3.7,0.865,1.3,3.5,4.8,4.8,1.6,1.6,0.3,0.6,1.9,2.5,25.6,,
1628371,Isaac,Jonathan,1610612753,Orlando,Magic,ORL,F,Jonathan Isaac,8,14.0,2.1,4.9,0.436,0.6,2.5,0.25,1.0,1.5,0.667,1.9,1.8,3.6,0.3,0.5,0.8,0.6,0.1,0.9,1.1,5.9,,
1631093,Ivey,Jaden,1610612765,Detroit,Pistons,DET,G,Jaden Ivey,11,32.2,6.8,14.9,0.457,1.8,4.9,0.37,3.1,4.3,0.723,1.5,3.1,4.5,3.5,3.4,0.8,0.5,1.2,2.8,3.4,18.5,,
1641713,Jackson,GG,1610612763,Memphis,Grizzlies,MEM,F,GG Jackson,,,,,,,,,,,,,,,,,,,,,,,Foot,Out
1630543,Jackson,Isaiah,1610612754,Indiana,Pacers,IND,F,Isaiah Jackson,5,16.8,2.8,4.6,0.609,0.0,0.0,0.0,1.4,2.8,0.5,2.2,3.4,5.6,1.0,1.0,0.6,1.6,0.4,2.8,1.4,7.0,Achilles,Out For Season
1631245,Jackson,Quenton,1610612754,Indiana,Pacers,IND,G,Quenton Jackson,3,11.8,1.7,3.3,0.5,0.3,1.3,0.25,0.7,0.7,1.0,0.3,1.0,1.3,1.7,0.7,0.3,0.0,0.0,1.3,1.7,4.3,,
202704,Jackson,Reggie,1610612755,Philadelphia,76ers,PHI,G,Reggie Jackson,4,7.4,0.5,3.3,0.154,0.5,2.0,0.25,0.0,0.0,0.0,0.0,0.5,0.5,1.8,0.5,0.3,0.0,0.3,1.0,0.3,1.5,,
1641748,Jackson Jr.,Andre,1610612749,Milwaukee,Bucks,MIL,G,Andre Jackson Jr.,9,15.6,1.1,2.8,0.4,0.6,1.7,0.333,0.2,0.7,0.333,0.4,2.0,2.4,1.6,1.3,0.9,0.3,0.0,2.3,0.7,3.0,,
1628991,Jackson Jr.,Jaren,1610612763,Memphis,Grizzlies,MEM,F-C,Jaren Jackson Jr.,9,27.7,8.0,14.4,0.554,2.0,4.9,0.409,3.8,5.1,0.739,1.1,4.3,5.4,1.0,2.1,1.4,1.2,1.1,3.1,4.9,21.8,,
1631218,Jackson-Davis,Trayce,1610612744,Golden State,Warriors,GSW,F,Trayce Jackson-Davis,10,16.8,3.6,5.2,0.692,0.0,0.0,0.0,0.7,1.0,0.7,0.9,3.4,4.3,2.3,0.5,0.1,0.5,0.7,1.3,0.9,7.9,,
1642355,James,Bronny,1610612747,Los Angeles,Lakers,LAL,G,Bronny James,6,2.6,0.2,1.0,0.167,0.0,0.7,0.0,0.3,0.3,1.0,0.2,0.0,0.2,0.3,0.0,0.2,0.0,0.2,0.3,0.3,0.7,,
2544,James,LeBron,1610612747,Los Angeles,Lakers,LAL,F,LeBron James,10,34.8,8.4,16.3,0.515,2.4,5.4,0.444,4.0,4.9,0.816,0.4,7.3,7.7,8.9,2.8,0.6,0.6,1.0,1.4,3.8,23.2,,
1631170,Jaquez Jr.,Jaime,1610612748,Miami,Heat,MIA,G,Jaime Jaquez Jr.,6,23.6,3.3,8.7,0.385,1.2,2.3,0.5,1.2,2.2,0.538,2.2,5.0,7.2,2.2,1.8,0.8,0.2,1.8,2.0,1.3,9.0,,
1629610,Jeffries,DaQuan,1610612766,Charlotte,Hornets,CHA,G-F,DaQuan Jeffries,,,,,,,,,,,,,,,,,,,,,,,Hand,Out
1641998,Jemison III,Trey,1610612740,New Orleans,Pelicans,NOP,C,Trey Jemison III,4,4.9,0.5,1.5,0.333,0.0,0.0,0.0,0.0,0.0,0.0,1.3,1.0,2.3,0.3,0.5,0.0,0.0,0.0,1.3,0.0,1.0,,
1642450,Jenkins,Daniss,1610612765,Detroit,Pistons,DET,G,Daniss Jenkins,2,2.5,0.0,1.0,0.0,0.0,1.0,0.0,0.0,0.0,0.0,0.0,0.0,0.0,0.0,0.0,0.0,0.0,0.0,0.5,0.0,0.0,,
1629660,Jerome,Ty,1610612739,Cleveland,Cavaliers,CLE,G-F,Ty Jerome,11,16.1,3.6,5.9,0.615,1.0,1.7,0.579,1.7,2.1,0.826,0.5,1.5,1.9,3.3,0.9,1.4,0.0,0.3,0.8,1.5,10.0,,
1630198,Joe,Isaiah,1610612760,Oklahoma City,Thunder,OKC,G,Isaiah Joe,10,21.0,3.3,7.7,0.429,2.6,6.3,0.413,0.5,0.7,0.714,0.8,2.3,3.1,1.5,0.3,0.5,0.0,0.2,2.0,1.4,9.7,,
1642358,Johnson,AJ,1610612749,Milwaukee,Bucks,MIL,G,AJ Johnson,3,2.1,0.3,1.0,0.333,0.0,0.0,0.0,0.0,0.0,0.0,0.0,0.3,0.3,0.0,0.0,0.0,0.0,0.3,0.0,0.0,0.7,,
1629661,Johnson,Cameron,1610612751,Brooklyn,Nets,BKN,F,Cameron Johnson,10,34.0,6.0,12.7,0.472,3.1,8.1,0.383,2.3,2.7,0.852,0.6,3.8,4.4,2.9,0.3,0.6,0.4,0.3,2.3,2.5,17.4,,
1630552,Johnson,Jalen,1610612737,Atlanta,Hawks,ATL,F,Jalen Johnson,11,36.5,7.1,15.7,0.451,1.5,4.8,0.302,3.5,4.9,0.704,2.0,8.0,10.0,4.9,3.4,1.4,0.9,1.6,2.5,3.5,19.1,,
201949,Johnson,James,1610612754,Indiana,Pacers,IND,F,James Johnson,2,3.0,0.5,1.0,0.5,0.0,0.5,0.0,0.0,0.0,0.0,0.0,0.0,0.0,0.5,0.5,0.0,0.5,0.0,0.0,0.0,1.0,,
1629640,Johnson,Keldon,1610612759,San Antonio,Spurs,SAS,F-G,Keldon Johnson,10,27.5,4.7,10.6,0.443,1.0,4.1,0.244,2.3,2.8,0.821,1.3,4.7,6.0,1.4,0.8,0.9,0.3,0.8,1.8,2.0,12.7,,
1630553,Johnson,Keon,1610612751,Brooklyn,Nets,BKN,G,Keon Johnson,9,11.7,1.6,4.2,0.368,0.7,2.3,0.286,0.4,0.6,0.8,0.4,2.2,2.7,0.9,0.8,0.3,0.2,0.6,1.7,0.3,4.2,,
1642352,Johnson,Keshad,1610612748,Miami,Heat,MIA,F,Keshad Johnson,,,,,,,,,,,,,,,,,,,,,,,,
203999,Jokić,Nikola,1610612743,Denver,Nuggets,DEN,C,Nikola Jokic,10,38.1,10.8,19.2,0.563,2.2,3.9,0.564,5.9,7.0,0.843,4.5,9.2,13.7,11.7,4.1,1.7,1.0,1.2,2.0,6.6,29.7,,
1641732,Jones,Colby,1610612758,Sacramento,Kings,SAC,G,Colby Jones,4,1.9,0.0,0.0,0.0,0.0,0.0,0.0,0.0,0.0,0.0,0.0,0.0,0.0,0.0,0.3,0.0,0.3,0.0,0.3,0.0,0.0,,
1641794,Jones,Dillon,1610612760,Oklahoma City,Thunder,OKC,F,Dillon Jones,9,6.8,0.8,2.3,0.333,0.1,1.3,0.083,0.1,0.4,0.25,0.7,1.0,1.7,0.6,0.4,0.2,0.1,0.1,1.0,0.3,1.8,,
1630529,Jones,Herbert,1610612740,New Orleans,Pelicans,NOP,F,Herbert Jones,4,28.3,3.0,6.3,0.48,0.5,2.8,0.182,0.3,0.5,0.5,1.0,1.5,2.5,1.0,1.3,1.8,0.3,0.0,2.3,0.5,6.8,Shoulder,Out
1642403,Jones,Isaac,1610612758,Sacramento,Kings,SAC,F,Isaac Jones,3,2.0,0.0,0.7,0.0,0.0,0.0,0.0,0.0,0.0,0.0,0.0,0.0,0.0,0.0,0.0,0.0,0.0,0.0,0.7,0.0,0.0,,
1630539,Jones,Kai,1610612746,LA,Clippers,LAC,C-F,Kai Jones,9,8.3,0.9,1.3,0.667,0.0,0.0,0.0,0.3,0.6,0.6,1.0,0.9,1.9,0.3,0.4,0.0,0.7,0.1,0.8,0.4,2.1,,
1630222,Jones,Mason,1610612758,Sacramento,Kings,SAC,G,Mason Jones,,,,,,,,,,,,,,,,,,,,,,,,
1642461,Jones,Spencer,1610612743,Denver,Nuggets,DEN,F,Spencer Jones,1,2.2,0.0,0.0,0.0,0.0,0.0,0.0,0.0,0.0,0.0,0.0,1.0,1.0,0.0,0.0,1.0,0.0,0.0,0.0,0.0,0.0,,
1630200,Jones,Tre,1610612759,San Antonio,Spurs,SAS,G,Tre Jones,1,15.6,0.0,2.0,0.0,0.0,0.0,0.0,3.0,4.0,0.75,1.0,0.0,1.0,3.0,0.0,1.0,0.0,0.0,0.0,2.0,3.0,Ankle,Out
1626145,Jones,Tyus,1610612756,Phoenix,Suns,PHX,G,Tyus Jones,10,32.4,4.3,9.0,0.478,2.0,4.7,0.426,0.4,0.4,1.0,0.6,2.4,3.0,6.3,1.1,1.1,0.2,0.4,1.1,1.1,11.0,,
1627884,Jones Jr.,Derrick,1610612746,LA,Clippers,LAC,F,Derrick Jones Jr.,10,26.5,4.0,8.3,0.482,1.5,3.7,0.405,0.8,1.0,0.8,1.3,2.1,3.4,1.0,1.2,1.1,0.4,0.6,3.1,1.0,10.3,,
201599,Jordan,DeAndre,1610612743,Denver,Nuggets,DEN,C,DeAndre Jordan,2,10.2,2.0,4.0,0.5,0.0,0.0,0.0,0.0,1.0,0.0,3.5,3.0,6.5,1.0,2.5,0.0,0.5,0.5,1.5,1.5,4.0,,
202709,Joseph,Cory,1610612753,Orlando,Magic,ORL,G,Cory Joseph,7,4.3,0.6,1.9,0.308,0.6,1.4,0.4,0.0,0.0,0.0,0.3,0.4,0.7,0.7,0.1,0.1,0.3,0.1,0.3,0.1,1.7,,
1631107,Jović,Nikola,1610612748,Miami,Heat,MIA,F,Nikola Jovic,9,19.7,3.2,7.1,0.453,1.2,3.6,0.344,1.0,1.3,0.75,0.8,3.4,4.2,1.4,0.8,1.1,0.1,0.2,1.7,1.6,8.7,,
1630548,Juzang,Johnny,1610612762,Utah,Jazz,UTA,G,Johnny Juzang,6,17.4,2.3,4.8,0.483,1.5,3.5,0.429,1.7,1.7,1.0,0.3,1.3,1.7,0.7,0.5,0.7,0.3,0.0,2.0,1.0,7.8,,
1642530,Kawamura,Yuki,1610612763,Memphis,Grizzlies,MEM,G,Yuki Kawamura,8,3.2,0.3,1.4,0.182,0.1,1.0,0.125,0.4,0.5,0.75,0.0,0.3,0.3,0.8,0.4,0.0,0.0,0.0,0.1,0.3,1.0,,
1628379,Kennard,Luke,1610612763,Memphis,Grizzlies,MEM,G,Luke Kennard,3,19.0,2.3,5.3,0.438,1.7,4.0,0.417,0.3,0.7,0.5,0.3,2.0,2.3,5.3,1.3,0.7,0.3,0.0,1.3,0.0,6.7,,
1631117,Kessler,Walker,1610612762,Utah,Jazz,UTA,C,Walker Kessler,9,26.4,3.9,5.7,0.686,0.0,0.0,0.0,1.4,2.6,0.565,3.8,6.9,10.7,1.0,1.7,0.4,2.8,0.8,2.2,2.3,9.2,,
1630557,Kispert,Corey,1610612764,Washington,Wizards,WAS,F,Corey Kispert,8,29.3,3.4,9.4,0.36,1.4,5.6,0.244,1.5,1.9,0.8,0.1,3.0,3.1,1.6,0.9,0.4,0.1,0.5,1.8,1.6,9.6,,
1628467,Kleber,Maxi,1610612742,Dallas,Mavericks,DAL,F,Maxi Kleber,2,15.6,1.0,2.5,0.4,0.5,1.0,0.5,0.0,0.0,0.0,0.0,2.5,2.5,1.5,0.0,0.0,0.5,0.5,1.5,1.0,2.5,,
1641752,Klintman,Bobi,1610612765,Detroit,Pistons,DET,F,Bobi Klintman,,,,,,,,,,,,,,,,,,,,,,,Calf,Out
1642261,Knecht,Dalton,1610612747,Los Angeles,Lakers,LAL,F,Dalton Knecht,10,16.9,2.2,5.7,0.386,1.1,3.8,0.289,0.6,0.6,1.0,0.4,1.4,1.8,1.1,0.5,0.3,0.0,0.2,1.0,0.5,6.1,,
1642278,Kolek,Tyler,1610612752,New York,Knicks,NYK,G,Tyler Kolek,7,6.6,1.3,1.9,0.692,0.9,1.1,0.75,0.6,0.6,1.0,0.3,0.4,0.7,0.4,0.7,0.3,0.0,0.0,0.4,0.4,4.0,,
1631132,Koloko,Christian,1610612747,Los Angeles,Lakers,LAL,C,Christian Koloko,2,7.4,0.5,1.0,0.5,0.0,0.0,0.0,0.0,0.0,0.0,0.5,1.0,1.5,0.5,0.0,0.0,0.5,0.0,1.0,0.0,1.0,,
1629723,Konchar,John,1610612763,Memphis,Grizzlies,MEM,G,John Konchar,5,20.0,1.2,2.6,0.462,0.8,2.2,0.364,0.6,0.8,0.75,1.2,3.2,4.4,1.2,0.6,0.6,1.0,0.0,1.0,1.0,3.8,,
1628436,Kornet,Luke,1610612738,Boston,Celtics,BOS,C-F,Luke Kornet,10,16.9,1.4,2.4,0.583,0.0,0.0,0.0,1.6,1.7,0.941,2.1,1.9,4.0,1.4,0.4,0.5,0.8,0.3,1.6,1.8,4.4,,
1630249,Krejčí,Vít,1610612737,Atlanta,Hawks,ATL,G,Vit Krejci,4,14.0,1.5,3.5,0.429,0.5,1.8,0.286,1.0,1.8,0.571,0.3,1.0,1.3,1.0,1.0,0.8,0.3,0.3,2.3,1.3,4.5,Thigh,Out
1630228,Kuminga,Jonathan,1610612744,Golden State,Warriors,GSW,F,Jonathan Kuminga,10,24.0,5.3,11.1,0.477,1.1,3.2,0.344,2.9,4.4,0.659,1.2,3.1,4.3,1.8,1.8,0.9,0.5,1.0,1.6,2.7,14.6,,
1628398,Kuzma,Kyle,1610612764,Washington,Wizards,WAS,F,Kyle Kuzma,3,30.8,5.7,17.3,0.327,1.7,6.0,0.278,4.0,5.3,0.75,1.7,5.3,7.0,3.7,2.3,0.3,0.3,1.7,1.0,3.3,17.0,,
1631222,LaRavia,Jake,1610612763,Memphis,Grizzlies,MEM,F,Jake LaRavia,11,26.2,3.3,6.6,0.493,1.0,2.6,0.379,1.5,2.5,0.571,1.8,3.7,5.5,3.8,1.5,0.9,0.5,0.5,2.4,2.0,9.0,,
203897,LaVine,Zach,1610612741,Chicago,Bulls,CHI,G,Zach LaVine,7,34.3,7.6,15.0,0.505,3.3,7.6,0.434,3.6,4.4,0.806,0.3,4.7,5.0,3.3,3.6,0.9,0.4,1.0,1.3,2.9,22.0,Thigh,Game Time Decision
1629111,Landale,Jock,1610612745,Houston,Rockets,HOU,C,Jock Landale,7,11.0,1.9,4.0,0.464,0.4,0.7,0.6,0.9,1.4,0.6,1.4,1.7,3.1,0.4,0.4,0.1,0.0,0.7,1.1,0.7,5.0,Shoulder,Out
1641796,Larsson,Pelle,1610612748,Miami,Heat,MIA,G,Pelle Larsson,6,14.0,1.8,3.0,0.611,0.8,1.8,0.455,1.0,1.7,0.6,0.2,0.7,0.8,1.7,0.7,0.7,0.0,0.2,1.3,1.3,5.5,,
1627747,LeVert,Caris,1610612739,Cleveland,Cavaliers,CLE,G,Caris LeVert,9,23.4,4.7,8.1,0.575,1.7,3.6,0.469,1.0,1.6,0.643,0.7,2.2,2.9,4.7,0.9,1.2,0.7,0.3,1.1,1.2,12.0,,
1627814,Lee,Damion,1610612756,Phoenix,Suns,PHX,G-F,Damion Lee,1,17.7,1.0,3.0,0.333,0.0,2.0,0.0,0.0,0.0,0.0,0.0,3.0,3.0,2.0,1.0,0.0,0.0,0.0,1.0,0.0,2.0,,
203458,Len,Alex,1610612758,Sacramento,Kings,SAC,C,Alex Len,7,8.7,0.4,1.0,0.429,0.0,0.3,0.0,0.3,0.6,0.5,0.0,2.7,2.7,0.9,0.7,0.3,1.0,0.3,1.0,0.9,1.1,,
202695,Leonard,Kawhi,1610612746,LA,Clippers,LAC,F,Kawhi Leonard,,,,,,,,,,,,,,,,,,,,,,,Knee,Out
1642502,Leons,Malevy,1610612760,Oklahoma City,Thunder,OKC,F,Malevy Leons,4,3.4,0.0,0.5,0.0,0.0,0.3,0.0,0.5,1.0,0.5,0.3,0.3,0.5,0.3,0.3,0.0,0.0,0.3,1.0,0.5,0.5,,
1641721,Lewis,Maxwell,1610612747,Los Angeles,Lakers,LAL,F,Maxwell Lewis,2,1.6,0.0,0.0,0.0,0.0,0.0,0.0,0.0,0.0,0.0,0.0,0.0,0.0,0.0,0.0,0.0,0.0,0.0,0.5,0.0,0.0,,
1630604,Liddell,E.J.,1610612741,Chicago,Bulls,CHI,F,E.J. Liddell,,,,,,,,,,,,,,,,,,,,,,,,
203081,Lillard,Damian,1610612749,Milwaukee,Bucks,MIL,G,Damian Lillard,10,35.8,7.9,17.8,0.444,3.2,9.2,0.348,7.0,7.7,0.909,0.8,3.8,4.6,6.6,2.7,1.0,0.2,0.8,1.9,5.1,26.0,,
1641726,Lively II,Dereck,1610612742,Dallas,Mavericks,DAL,C,Dereck Lively II,6,22.9,4.0,5.7,0.706,0.0,0.0,0.0,1.3,2.3,0.571,3.3,4.8,8.2,2.5,1.2,0.8,0.8,0.7,3.7,1.8,9.3,,
1641753,Livingston,Chris,1610612749,Milwaukee,Bucks,MIL,F,Chris Livingston,,,,,,,,,,,,,,,,,,,,,,,,
1626172,Looney,Kevon,1610612744,Golden State,Warriors,GSW,F,Kevon Looney,9,16.2,2.3,4.8,0.488,0.0,0.0,0.0,1.2,1.9,0.647,3.9,4.3,8.2,1.6,0.6,1.0,0.4,0.2,3.0,1.2,5.9,,
201572,Lopez,Brook,1610612749,Milwaukee,Bucks,MIL,C,Brook Lopez,10,30.5,3.3,8.4,0.393,1.3,4.7,0.277,1.1,1.5,0.733,1.1,3.5,4.6,1.6,1.5,1.0,2.1,0.0,2.4,1.5,9.0,,
201567,Love,Kevin,1610612748,Miami,Heat,MIA,F-C,Kevin Love,1,13.0,2.0,7.0,0.286,1.0,4.0,0.25,1.0,1.0,1.0,2.0,4.0,6.0,2.0,0.0,2.0,0.0,1.0,0.0,1.0,6.0,,
200768,Lowry,Kyle,1610612755,Philadelphia,76ers,PHI,G,Kyle Lowry,9,24.8,2.3,4.9,0.477,1.9,4.0,0.472,1.4,1.9,0.765,0.4,2.1,2.6,3.9,1.1,1.2,0.4,0.2,2.0,2.0,8.0,,
1641754,Lundy,Seth,1610612737,Atlanta,Hawks,ATL,G-F,Seth Lundy,,,,,,,,,,,,,,,,,,,,,,,Ankle,Game Time Decision
1626168,Lyles,Trey,1610612758,Sacramento,Kings,SAC,F,Trey Lyles,10,14.8,1.1,4.2,0.262,0.7,3.1,0.226,0.7,0.8,0.875,0.5,2.6,3.1,0.6,0.5,0.5,0.6,0.1,1.4,0.9,3.6,,
1630572,Mamukelashvili,Sandro,1610612759,San Antonio,Spurs,SAS,F-C,Sandro Mamukelashvili,8,7.6,1.5,2.5,0.6,0.8,1.5,0.5,0.1,0.1,1.0,0.6,2.0,2.6,0.3,0.9,0.1,0.5,0.0,0.6,0.1,3.9,,
1629611,Mann,Terance,1610612746,LA,Clippers,LAC,G-F,Terance Mann,10,23.2,2.0,5.3,0.377,0.3,1.8,0.167,0.8,1.1,0.727,1.4,2.3,3.7,1.8,0.4,0.5,0.1,0.5,2.9,1.1,5.1,,
1630544,Mann,Tre,1610612766,Charlotte,Hornets,CHA,G,Tre Mann,10,25.1,5.6,12.6,0.444,1.9,4.9,0.388,1.7,1.7,1.0,0.9,2.0,2.9,3.3,1.9,0.7,0.3,1.0,1.9,1.9,14.8,Back,Game Time Decision
1628374,Markkanen,Lauri,1610612762,Utah,Jazz,UTA,F-C,Lauri Markkanen,6,29.7,4.7,12.8,0.364,2.3,5.5,0.424,5.0,5.8,0.857,2.0,5.0,7.0,2.5,1.7,0.8,0.0,1.0,1.2,5.0,16.7,,
1630230,Marshall,Naji,1610612742,Dallas,Mavericks,DAL,F,Naji Marshall,10,23.2,3.2,6.3,0.508,0.4,2.0,0.2,0.9,0.9,1.0,0.9,3.0,3.9,2.7,0.8,1.0,0.2,0.6,1.2,1.1,7.7,,
1628997,Martin,Caleb,1610612755,Philadelphia,76ers,PHI,F,Caleb Martin,9,33.9,3.1,8.4,0.368,0.9,2.9,0.308,3.2,4.9,0.659,2.1,3.9,6.0,3.0,2.2,0.9,0.3,0.6,2.4,3.3,10.3,,
1628998,Martin,Cody,1610612766,Charlotte,Hornets,CHA,F,Cody Martin,10,25.0,3.7,7.7,0.481,1.5,4.0,0.375,1.0,1.2,0.833,1.0,3.5,4.5,2.1,0.9,0.9,0.4,0.0,2.1,1.4,9.9,,
1641798,Martin,Jaylen,1610612751,Brooklyn,Nets,BKN,G,Jaylen Martin,2,1.5,0.5,0.5,1.0,0.5,0.5,1.0,0.0,0.0,0.0,0.0,0.0,0.0,0.0,0.0,0.0,0.0,0.0,0.5,0.0,1.5,,
1630231,Martin,KJ,1610612755,Philadelphia,76ers,PHI,F,KJ Martin,8,17.7,2.1,3.0,0.708,0.3,0.3,1.0,1.0,1.3,0.8,0.5,2.3,2.8,0.6,0.0,0.4,0.8,0.1,2.3,0.8,5.5,,
1631213,Martin,Tyrese,1610612751,Brooklyn,Nets,BKN,F,Tyrese Martin,2,1.4,0.0,0.0,0.0,0.0,0.0,0.0,0.0,0.0,0.0,0.0,0.5,0.5,0.0,0.0,0.0,0.0,0.0,0.0,0.0,0.0,,
1629726,Mathews,Garrison,1610612737,Atlanta,Hawks,ATL,G,Garrison Mathews,10,22.9,3.3,6.9,0.478,2.8,5.7,0.491,1.7,2.0,0.85,0.3,1.1,1.4,1.4,0.5,0.9,0.2,0.1,2.3,1.9,11.1,,
1631097,Mathurin,Bennedict,1610612754,Indiana,Pacers,IND,G-F,Bennedict Mathurin,10,30.4,6.3,11.4,0.553,1.9,3.8,0.5,4.9,6.1,0.803,1.1,5.0,6.1,1.9,1.5,0.5,0.1,0.6,2.7,3.7,19.4,,
1631255,Matković,Karlo,1610612740,New Orleans,Pelicans,NOP,F-C,Karlo Matkovic,2,2.4,0.5,0.5,1.0,0.0,0.0,0.0,0.0,0.0,0.0,1.5,0.5,2.0,0.0,1.0,0.0,0.5,0.0,0.5,0.0,1.0,,
1630178,Maxey,Tyrese,1610612755,Philadelphia,76ers,PHI,G,Tyrese Maxey,7,39.7,9.6,23.6,0.406,3.1,11.0,0.286,5.3,6.4,0.822,0.0,3.0,3.0,3.9,2.0,1.4,0.6,1.3,2.9,4.3,27.6,Hamstring,Out
1630540,McBride,Miles,1610612752,New York,Knicks,NYK,G,Miles McBride,9,26.8,4.1,9.3,0.44,2.1,5.3,0.396,0.9,1.1,0.8,0.4,1.9,2.3,2.7,1.1,1.1,0.3,0.6,2.0,1.6,11.2,,
1642272,McCain,Jared,1610612755,Philadelphia,76ers,PHI,G,Jared McCain,9,15.6,3.8,8.2,0.459,1.1,3.2,0.345,1.6,1.6,1.0,0.4,1.6,2.0,1.4,0.7,0.3,0.0,0.4,0.8,1.6,10.2,,
1630644,McClung,Mac,1610612753,Orlando,Magic,ORL,G,Mac McClung,1,4.9,0.0,0.0,0.0,0.0,0.0,0.0,0.0,0.0,0.0,0.0,1.0,1.0,2.0,0.0,0.0,0.0,0.0,0.0,1.0,0.0,,
203468,McCollum,CJ,1610612740,New Orleans,Pelicans,NOP,G,CJ McCollum,4,34.2,7.3,16.3,0.446,3.3,8.5,0.382,1.0,1.5,0.667,0.3,3.3,3.5,4.0,2.0,2.3,1.0,1.3,1.5,1.8,18.8,Thigh,Out
204456,McConnell,T.J.,1610612754,Indiana,Pacers,IND,G,T.J. McConnell,9,17.2,4.6,7.6,0.603,0.1,0.4,0.25,0.1,0.2,0.5,0.3,1.6,1.9,4.0,1.7,0.9,0.1,0.4,0.7,0.8,9.3,,
1641755,McCullar Jr.,Kevin,1610612752,New York,Knicks,NYK,G,Kevin McCullar Jr.,,,,,,,,,,,,,,,,,,,,,,,,
1630183,McDaniels,Jaden,1610612750,Minnesota,Timberwolves,MIN,F,Jaden McDaniels,10,28.3,3.7,8.3,0.446,1.0,3.4,0.294,0.9,1.2,0.75,1.1,1.7,2.8,1.5,0.9,0.7,1.0,0.3,3.0,1.8,9.3,,
203926,McDermott,Doug,1610612758,Sacramento,Kings,SAC,F,Doug McDermott,6,6.7,0.7,2.3,0.286,0.7,2.2,0.308,0.5,0.8,0.6,0.0,0.3,0.3,0.0,0.0,0.2,0.0,0.2,0.7,0.3,2.5,,
1631121,McGowens,Bryce,1610612757,Portland,Trail Blazers,POR,G,Bryce McGowens,,,,,,,,,,,,,,,,,,,,,,,,
1629162,McLaughlin,Jordan,1610612758,Sacramento,Kings,SAC,G,Jordan McLaughlin,7,4.9,0.1,0.9,0.167,0.1,0.6,0.25,0.0,0.0,0.0,0.0,0.4,0.4,0.4,0.4,0.4,0.0,0.0,0.6,0.6,0.4,,
1629098,McVeigh,Jack,1610612745,Houston,Rockets,HOU,G-F,Jack McVeigh,2,4.1,0.5,2.5,0.2,0.5,1.5,0.333,0.0,0.0,0.0,0.0,1.0,1.0,0.0,0.5,0.0,0.0,0.0,0.0,0.0,1.5,,
1629001,Melton,De'Anthony,1610612744,Golden State,Warriors,GSW,G,De'Anthony Melton,5,18.9,3.2,8.4,0.381,2.2,5.8,0.379,1.0,1.6,0.625,1.0,2.2,3.2,2.6,1.6,1.2,0.4,0.0,3.2,1.4,9.6,,
1630241,Merrill,Sam,1610612739,Cleveland,Cavaliers,CLE,G,Sam Merrill,11,19.8,2.5,5.6,0.435,2.0,5.0,0.4,0.5,0.5,1.0,0.2,1.5,1.7,1.5,0.5,0.7,0.1,0.2,1.9,0.9,7.5,,
203995,Micić,Vasilije,1610612766,Charlotte,Hornets,CHA,G,Vasilije Micic,3,15.0,1.0,6.0,0.167,0.3,2.3,0.143,0.0,0.0,0.0,1.7,2.0,3.7,1.0,1.3,0.3,0.0,0.7,0.7,0.3,2.3,,
203114,Middleton,Khris,1610612749,Milwaukee,Bucks,MIL,F,Khris Middleton,,,,,,,,,,,,,,,,,,,,,,,Ankle,Game Time Decision
1641706,Miller,Brandon,1610612766,Charlotte,Hornets,CHA,F,Brandon Miller,6,27.6,5.7,13.5,0.42,3.2,8.5,0.373,2.5,2.7,0.938,0.7,3.7,4.3,3.3,1.5,1.0,0.7,0.8,2.0,2.5,17.0,,
1641757,Miller,Jordan,1610612746,LA,Clippers,LAC,G,Jordan Miller,2,3.8,0.0,0.5,0.0,0.0,0.5,0.0,0.5,1.0,0.5,0.0,0.0,0.0,0.0,1.0,0.0,0.0,0.0,0.0,0.5,0.5,,
1631159,Miller,Leonard,1610612750,Minnesota,Timberwolves,MIN,F,Leonard Miller,,,,,,,,,,,,,,,,,,,,,,,,
201988,Mills,Patty,1610612762,Utah,Jazz,UTA,G,Patty Mills,9,15.3,1.2,3.4,0.355,0.8,2.7,0.292,0.3,0.3,1.0,0.1,0.8,0.9,1.4,0.9,0.7,0.2,0.0,0.9,0.9,3.6,,
1629003,Milton,Shake,1610612751,Brooklyn,Nets,BKN,G,Shake Milton,8,9.2,0.5,1.6,0.308,0.5,1.5,0.333,0.3,0.3,1.0,0.3,0.6,0.9,0.8,0.1,0.3,0.0,0.1,0.9,0.4,1.8,,
1631303,Minaya,Justin,1610612757,Portland,Trail Blazers,POR,F,Justin Minaya,,,,,,,,,,,,,,,,,,,,,,,,
1642434,Minix,Riley,1610612759,San Antonio,Spurs,SAS,F,Riley Minix,1,6.8,0.0,1.0,0.0,0.0,1.0,0.0,0.0,0.0,0.0,0.0,2.0,2.0,0.0,0.0,0.0,0.0,0.0,0.0,0.0,0.0,,
1631169,Minott,Josh,1610612750,Minnesota,Timberwolves,MIN,F,Josh Minott,4,9.0,0.8,1.5,0.5,0.0,0.8,0.0,0.3,0.5,0.5,0.0,1.0,1.0,0.0,0.8,0.0,0.5,0.0,1.3,0.5,1.8,,
1642274,Missi,Yves,1610612740,New Orleans,Pelicans,NOP,C,Yves Missi,10,21.6,2.2,4.8,0.458,0.0,0.0,0.0,1.2,1.9,0.632,2.5,2.9,5.4,1.5,0.6,0.5,1.5,0.8,1.5,2.0,5.6,,
1642349,Mitchell,Ajay,1610612760,Oklahoma City,Thunder,OKC,G,Ajay Mitchell,10,14.6,2.3,4.2,0.548,0.5,1.0,0.5,0.4,0.5,0.8,0.2,1.4,1.6,1.9,0.7,0.9,0.1,0.2,1.6,1.1,5.5,,
1630558,Mitchell,Davion,1610612761,Toronto,Raptors,TOR,G,Davion Mitchell,11,28.0,3.5,8.4,0.424,1.1,4.1,0.267,0.8,1.2,0.692,0.6,1.9,2.5,6.0,2.2,0.9,0.4,0.5,3.0,1.5,9.0,,
1628378,Mitchell,Donovan,1610612739,Cleveland,Cavaliers,CLE,G,Donovan Mitchell,11,30.3,8.1,17.3,0.468,3.1,7.6,0.405,3.3,3.8,0.857,0.5,2.5,3.0,3.8,2.5,1.3,0.2,0.6,2.3,3.8,22.5,,
1630596,Mobley,Evan,1610612739,Cleveland,Cavaliers,CLE,C,Evan Mobley,11,29.9,7.4,13.2,0.559,0.6,1.8,0.35,3.0,3.9,0.767,1.6,6.9,8.5,2.7,2.0,1.1,1.8,0.9,2.6,3.4,18.4,,
1642367,Mogbo,Jonathan,1610612761,Toronto,Raptors,TOR,F,Jonathan Mogbo,11,16.0,1.9,3.8,0.5,0.1,0.5,0.167,1.7,2.5,0.704,2.4,1.9,4.3,1.9,0.9,1.0,0.5,0.3,2.4,1.7,5.6,,
1628370,Monk,Malik,1610612758,Sacramento,Kings,SAC,G,Malik Monk,10,25.0,4.6,10.4,0.442,1.2,4.3,0.279,2.2,2.6,0.846,0.0,3.0,3.0,2.8,0.8,0.9,0.4,0.7,1.8,2.3,12.6,Ankle,Out
1630541,Moody,Moses,1610612744,Golden State,Warriors,GSW,G,Moses Moody,10,16.6,3.4,6.9,0.493,1.9,4.1,0.463,1.0,1.4,0.714,0.6,1.4,2.0,1.1,0.9,0.4,0.1,0.5,1.1,1.0,9.7,,
1631386,Moore,Tazé,1610612757,Portland,Trail Blazers,POR,G,Taze Moore,,,,,,,,,,,,,,,,,,,,,,,,
1631111,Moore Jr.,Wendell,1610612765,Detroit,Pistons,DET,G,Wendell Moore Jr.,3,2.6,0.3,0.3,1.0,0.0,0.0,0.0,0.0,0.0,0.0,0.0,0.3,0.3,0.3,0.3,0.0,0.0,0.0,0.0,0.0,0.7,,
1629630,Morant,Ja,1610612763,Memphis,Grizzlies,MEM,G,Ja Morant,8,27.8,7.0,15.6,0.448,1.0,3.9,0.258,5.6,6.8,0.833,0.5,4.5,5.0,9.1,4.3,0.6,0.3,0.4,1.8,5.8,20.6,Hip,Out
202693,Morris,Markieff,1610612742,Dallas,Mavericks,DAL,F,Markieff Morris,1,4.9,0.0,1.0,0.0,0.0,0.0,0.0,0.0,0.0,0.0,0.0,2.0,2.0,2.0,0.0,0.0,0.0,0.0,0.0,0.0,0.0,,
1628420,Morris,Monté,1610612756,Phoenix,Suns,PHX,G,Monte Morris,6,9.3,1.0,2.8,0.353,0.5,1.7,0.3,1.0,1.3,0.75,0.3,0.8,1.2,1.5,0.2,0.5,0.2,0.0,0.2,1.0,3.5,,
1630530,Murphy III,Trey,1610612740,New Orleans,Pelicans,NOP,F,Trey Murphy III,,,,,,,,,,,,,,,,,,,,,,,,
1627749,Murray,Dejounte,1610612740,New Orleans,Pelicans,NOP,G,Dejounte Murray,1,30.0,4.0,15.0,0.267,0.0,3.0,0.0,6.0,7.0,0.857,0.0,8.0,8.0,10.0,1.0,1.0,0.0,0.0,0.0,3.0,14.0,Hand,Out
1627750,Murray,Jamal,1610612743,Denver,Nuggets,DEN,G,Jamal Murray,7,35.3,6.1,15.3,0.402,1.9,5.6,0.333,4.0,4.7,0.848,0.4,3.4,3.9,4.9,1.7,0.9,0.0,1.0,1.6,4.3,18.1,,
1631099,Murray,Keegan,1610612758,Sacramento,Kings,SAC,F,Keegan Murray,10,38.1,5.4,12.4,0.435,1.8,6.3,0.286,1.8,2.1,0.857,2.8,6.2,9.0,1.8,0.7,0.4,0.7,0.4,3.2,1.7,14.4,,
1631200,Murray,Kris,1610612757,Portland,Trail Blazers,POR,F,Kris Murray,11,13.4,1.5,3.4,0.432,0.5,1.4,0.4,0.5,1.4,0.4,1.2,1.4,2.5,0.8,0.5,0.5,0.1,0.2,0.8,0.7,4.0,,
1629004,Mykhailiuk,Svi,1610612762,Utah,Jazz,UTA,G-F,Svi Mykhailiuk,1,15.5,2.0,6.0,0.333,2.0,5.0,0.4,0.0,0.0,0.0,0.0,1.0,1.0,2.0,2.0,1.0,0.0,0.0,2.0,1.0,6.0,,
1626204,Nance Jr.,Larry,1610612737,Atlanta,Hawks,ATL,F-C,Larry Nance Jr.,6,14.8,3.5,5.0,0.7,1.5,2.2,0.692,0.2,0.3,0.5,1.2,1.3,2.5,1.3,0.7,0.7,0.2,0.0,1.7,0.5,8.7,,
1629614,Nembhard,Andrew,1610612754,Indiana,Pacers,IND,G-F,Andrew Nembhard,7,26.7,2.9,7.4,0.385,0.4,1.9,0.231,1.1,1.4,0.8,0.1,1.9,2.0,4.7,1.4,0.9,0.0,0.4,2.1,1.7,7.3,Knee,Out
1630174,Nesmith,Aaron,1610612754,Indiana,Pacers,IND,G-F,Aaron Nesmith,6,22.7,3.2,6.0,0.528,1.0,1.8,0.545,1.8,2.2,0.846,0.7,3.3,4.0,1.0,0.8,0.7,0.3,0.5,4.0,2.0,9.2,Ankle,Out
1641803,Newton,Tristen,1610612754,Indiana,Pacers,IND,G,Tristen Newton,,,,,,,,,,,,,,,,,,,,,,,,
1627777,Niang,Georges,1610612739,Cleveland,Cavaliers,CLE,F,Georges Niang,11,18.6,2.5,5.4,0.475,1.2,3.5,0.333,0.1,0.2,0.5,0.5,2.7,3.2,1.3,0.8,0.4,0.3,0.4,2.4,0.3,6.4,,
1630227,Nix,Daishen,1610612750,Minnesota,Timberwolves,MIN,G,Daishen Nix,,,,,,,,,,,,,,,,,,,,,,,,
1630192,Nnaji,Zeke,1610612743,Denver,Nuggets,DEN,F-C,Zeke Nnaji,6,7.1,1.0,1.8,0.545,0.0,0.7,0.0,0.2,0.7,0.25,0.3,0.7,1.0,0.5,0.0,0.0,0.3,0.0,0.7,1.2,2.2,,
1629669,Nowell,Jaylen,1610612740,New Orleans,Pelicans,NOP,G,Jaylen Nowell,3,13.3,2.7,7.0,0.381,1.0,2.7,0.375,0.7,1.0,0.667,0.3,0.3,0.7,0.7,1.0,0.3,0.0,0.3,0.7,1.3,7.0,,
203994,Nurkić,Jusuf,1610612756,Phoenix,Suns,PHX,C,Jusuf Nurkic,10,24.4,3.2,7.2,0.444,0.9,2.9,0.31,2.6,3.7,0.703,1.5,8.7,10.2,1.2,3.0,0.8,0.7,0.2,2.9,2.8,9.9,Ankle,Game Time Decision
1626220,O'Neale,Royce,1610612756,Phoenix,Suns,PHX,F,Royce O'Neale,10,25.9,3.6,7.6,0.474,2.2,4.5,0.489,0.8,0.9,0.889,1.6,5.1,6.7,2.3,0.9,0.7,0.9,0.2,2.5,1.1,10.2,,
1629006,Okogie,Josh,1610612756,Phoenix,Suns,PHX,G,Josh Okogie,2,10.6,3.0,5.0,0.6,1.0,2.5,0.4,0.5,1.0,0.5,0.5,2.0,2.5,0.0,1.5,1.0,0.0,0.0,1.0,2.0,7.5,,
1630168,Okongwu,Onyeka,1610612737,Atlanta,Hawks,ATL,F-C,Onyeka Okongwu,9,22.7,4.1,7.4,0.552,0.3,1.7,0.2,2.3,2.8,0.84,2.0,3.8,5.8,1.9,0.4,0.7,0.7,0.8,2.0,1.9,10.9,,
1630171,Okoro,Isaac,1610612739,Cleveland,Cavaliers,CLE,F-G,Isaac Okoro,11,20.4,2.1,4.4,0.479,1.1,2.3,0.48,0.7,1.2,0.615,1.0,1.5,2.5,1.6,0.3,0.6,0.4,0.7,2.1,1.2,6.0,,
1642439,Olivari,Quincy,1610612747,Los Angeles,Lakers,LAL,G,Quincy Olivari,,,,,,,,,,,,,,,,,,,,,,,,
203482,Olynyk,Kelly,1610612761,Toronto,Raptors,TOR,F-C,Kelly Olynyk,,,,,,,,,,,,,,,,,,,,,,,Back,Out
1626162,Oubre Jr.,Kelly,1610612755,Philadelphia,76ers,PHI,F-G,Kelly Oubre Jr.,9,31.6,5.8,14.4,0.4,1.3,5.2,0.255,2.2,3.1,0.714,1.4,3.0,4.4,1.4,1.6,1.0,0.1,1.9,3.7,2.4,15.1,,
101108,Paul,Chris,1610612759,San Antonio,Spurs,SAS,G,Chris Paul,10,28.3,3.6,8.0,0.45,2.0,5.4,0.37,1.1,1.1,1.0,0.4,3.2,3.6,8.1,2.2,1.1,0.1,0.0,2.1,1.3,10.3,,
1626166,Payne,Cameron,1610612752,New York,Knicks,NYK,G,Cameron Payne,5,15.4,2.4,6.6,0.364,0.8,3.0,0.267,0.0,0.2,0.0,0.6,1.4,2.0,3.2,0.4,0.6,0.2,0.2,1.6,0.6,5.6,Hamstring,Game Time Decision
1627780,Payton II,Gary,1610612744,Golden State,Warriors,GSW,G,Gary Payton II,10,12.4,2.4,3.3,0.727,0.2,0.7,0.286,0.5,0.8,0.625,0.9,0.8,1.7,1.3,0.6,0.7,0.4,0.2,1.7,0.6,5.5,,
1641809,Peterson,Drew,1610612738,Boston,Celtics,BOS,F,Drew Peterson,2,2.9,0.0,0.5,0.0,0.0,0.5,0.0,0.0,0.0,0.0,0.0,0.5,0.5,0.0,0.5,0.5,1.0,0.0,0.0,0.0,0.0,,
1641763,Phillips,Julian,1610612741,Chicago,Bulls,CHI,F,Julian Phillips,10,13.9,1.8,4.0,0.45,0.8,2.2,0.364,0.5,1.0,0.5,1.0,0.7,1.7,0.4,0.4,1.0,0.1,0.4,1.3,0.7,4.9,,
1629618,Pickett,Jalen,1610612743,Denver,Nuggets,DEN,G,Jalen Pickett,2,1.9,0.0,0.5,0.0,0.0,0.5,0.0,0.0,0.0,0.0,0.0,0.0,0.0,0.0,0.0,0.0,0.0,0.0,0.0,0.0,0.0,,
1630590,Pippen Jr.,Scotty,1610612763,Memphis,Grizzlies,MEM,G,Scotty Pippen Jr.,11,25.5,4.5,8.5,0.521,1.3,2.9,0.438,1.9,2.5,0.778,0.5,3.6,4.2,6.5,2.5,1.0,0.5,0.6,3.3,3.2,12.1,,
203486,Plumlee,Mason,1610612756,Phoenix,Suns,PHX,F-C,Mason Plumlee,10,17.0,1.7,2.5,0.68,0.0,0.0,0.0,1.0,2.1,0.476,1.3,3.8,5.1,1.5,0.5,0.4,0.5,0.4,2.0,1.7,4.4,,
1641764,Podziemski,Brandin,1610612744,Golden State,Warriors,GSW,G,Brandin Podziemski,9,26.5,3.8,9.8,0.386,0.8,4.4,0.175,0.4,0.9,0.5,1.2,3.8,5.0,3.7,1.7,1.0,0.4,0.4,2.7,1.8,8.8,,
1629673,Poole,Jordan,1610612764,Washington,Wizards,WAS,G,Jordan Poole,8,29.9,6.9,16.0,0.43,3.6,8.4,0.433,3.8,4.1,0.909,0.4,1.3,1.6,4.0,3.0,2.1,0.9,0.9,3.3,4.9,21.1,,
1641854,Porter Jr.,Craig,1610612739,Cleveland,Cavaliers,CLE,G,Craig Porter Jr.,7,4.7,0.7,1.3,0.556,0.1,0.4,0.333,0.0,0.0,0.0,0.0,0.6,0.6,0.7,0.3,0.0,0.6,0.3,0.1,0.0,1.6,,
1629645,Porter Jr.,Kevin,1610612746,LA,Clippers,LAC,G-F,Kevin Porter Jr.,10,16.7,3.3,8.7,0.379,0.4,2.3,0.174,0.8,1.3,0.615,0.7,3.0,3.7,2.8,2.5,0.8,0.1,0.5,1.3,1.9,7.8,,
1629008,Porter Jr.,Michael,1610612743,Denver,Nuggets,DEN,F,Michael Porter Jr.,10,36.8,6.7,14.1,0.475,3.1,7.6,0.408,1.5,2.0,0.75,1.3,5.7,7.0,2.9,1.1,1.1,0.5,0.6,2.1,1.7,18.0,,
1626171,Portis,Bobby,1610612749,Milwaukee,Bucks,MIL,F,Bobby Portis,10,25.1,5.4,11.9,0.454,0.8,3.0,0.267,0.9,1.1,0.818,2.1,6.1,8.2,0.8,1.4,0.5,0.6,0.6,1.9,1.4,12.5,,
204001,Porziņģis,Kristaps,1610612738,Boston,Celtics,BOS,F-C,Kristaps Porzingis,,,,,,,,,,,,,,,,,,,,,,,Foot,Out
1642366,Post,Quinten,1610612744,Golden State,Warriors,GSW,C,Quinten Post,,,,,,,,,,,,,,,,,,,,,,,,
1630695,Potter,Micah,1610612762,Utah,Jazz,UTA,C,Micah Potter,,,,,,,,,,,,,,,,,,,,,,,,
203939,Powell,Dwight,1610612742,Dallas,Mavericks,DAL,F-C,Dwight Powell,9,9.3,0.7,0.8,0.857,0.0,0.0,0.0,1.1,1.6,0.714,0.8,1.6,2.3,0.6,0.3,0.3,0.4,0.1,1.8,1.4,2.4,,
1626181,Powell,Norman,1610612746,LA,Clippers,LAC,G,Norman Powell,10,34.2,8.8,17.1,0.515,4.1,8.3,0.494,3.8,4.5,0.844,0.4,3.0,3.4,2.4,2.1,1.1,0.3,0.9,1.7,3.9,25.5,,
1630554,Preston,Jason,1610612762,Utah,Jazz,UTA,G,Jason Preston,,,,,,,,,,,,,,,,,,,,,,,Leg,Out
1627752,Prince,Taurean,1610612749,Milwaukee,Bucks,MIL,F,Taurean Prince,10,29.0,2.8,5.3,0.528,1.9,3.4,0.559,0.0,0.0,0.0,0.8,4.3,5.1,1.9,1.0,1.0,0.1,0.3,2.1,0.3,7.5,,
1630202,Pritchard,Payton,1610612738,Boston,Celtics,BOS,G,Payton Pritchard,11,28.1,5.4,11.3,0.476,3.9,9.1,0.43,1.9,2.0,0.955,0.8,1.8,2.6,2.5,1.4,1.0,0.0,0.5,1.7,1.3,16.5,,
1641765,Prosper,Olivier-Maxence,1610612742,Dallas,Mavericks,DAL,F,Olivier-Maxence Prosper,7,6.3,0.6,1.9,0.308,0.0,0.3,0.0,0.0,0.0,0.0,0.6,0.1,0.7,0.0,0.1,0.0,0.0,0.4,0.9,0.1,1.1,,
1627751,Pöltl,Jakob,1610612761,Toronto,Raptors,TOR,C,Jakob Poltl,11,32.4,6.0,10.5,0.569,0.0,0.0,0.0,2.0,2.9,0.688,3.8,7.5,11.4,3.1,2.6,1.0,1.2,0.9,3.7,2.6,14.0,,
1630243,Queen,Trevelin,1610612753,Orlando,Magic,ORL,G,Trevelin Queen,1,3.1,0.0,0.0,0.0,0.0,0.0,0.0,0.0,0.0,0.0,0.0,0.0,0.0,0.0,1.0,0.0,0.0,0.0,0.0,0.0,0.0,,
1629674,Queta,Neemias,1610612738,Boston,Celtics,BOS,C,Neemias Queta,10,17.2,2.8,4.6,0.609,0.0,0.1,0.0,0.9,1.2,0.75,2.1,3.6,5.7,0.5,0.7,0.2,0.7,0.5,1.7,1.4,6.5,,
1630193,Quickley,Immanuel,1610612761,Toronto,Raptors,TOR,G,Immanuel Quickley,3,22.5,5.3,14.0,0.381,2.0,5.3,0.375,2.7,3.0,0.889,0.3,1.7,2.0,4.0,1.3,0.7,0.0,1.7,2.3,2.3,15.3,,
1631311,Quinones,Lester,1610612755,Philadelphia,76ers,PHI,G,Lester Quinones,2,2.5,0.5,1.0,0.5,0.0,0.5,0.0,0.5,0.5,1.0,1.0,0.5,1.5,0.5,0.0,0.0,0.0,0.0,0.0,0.5,1.5,,
203944,Randle,Julius,1610612750,Minnesota,Timberwolves,MIN,F-C,Julius Randle,10,33.5,7.6,14.3,0.531,1.8,4.4,0.409,4.1,5.1,0.804,2.0,4.7,6.7,4.6,2.9,0.7,0.1,0.9,2.5,3.6,21.1,,
1641871,Reath,Duop,1610612757,Portland,Trail Blazers,POR,C,Duop Reath,6,3.4,0.5,2.0,0.25,0.3,1.5,0.222,0.0,0.0,0.0,0.3,0.2,0.5,0.3,0.2,0.0,0.2,0.0,0.3,0.0,1.3,,
1630559,Reaves,Austin,1610612747,Los Angeles,Lakers,LAL,G,Austin Reaves,10,34.3,6.6,13.6,0.485,2.7,7.3,0.37,2.8,3.6,0.778,0.9,3.6,4.5,5.2,2.3,1.4,0.4,0.3,2.7,4.6,18.7,,
1629629,Reddish,Cam,1610612747,Los Angeles,Lakers,LAL,F-G,Cam Reddish,5,21.1,2.2,3.2,0.688,0.8,1.2,0.667,0.6,0.8,0.75,0.6,3.2,3.8,1.0,0.4,1.0,0.2,0.4,1.6,0.4,5.8,,
1630194,Reed,Paul,1610612765,Detroit,Pistons,DET,F,Paul Reed,5,11.3,2.4,3.8,0.632,0.2,0.4,0.5,0.8,1.0,0.8,0.8,1.2,2.0,0.6,1.2,0.8,0.8,0.2,2.4,0.8,5.8,,
1642024,Reese,Alex,0,,,,F-C,Alex Reese,1,1.9,1.0,1.0,1.0,0.0,0.0,0.0,0.0,0.0,0.0,1.0,0.0,1.0,0.0,0.0,0.0,0.0,0.0,0.0,0.0,2.0,,
1641810,Reeves,Antonio,1610612740,New Orleans,Pelicans,NOP,G,Antonio Reeves,5,5.7,0.4,2.6,0.154,0.4,1.8,0.222,0.0,0.0,0.0,0.0,1.0,1.0,0.2,0.2,0.2,0.0,0.2,0.2,0.2,1.2,,
1629675,Reid,Naz,1610612750,Minnesota,Timberwolves,MIN,C-F,Naz Reid,10,23.8,5.0,9.3,0.538,2.3,4.8,0.479,1.8,1.9,0.947,0.7,4.8,5.5,1.7,1.2,0.4,0.5,0.5,2.4,1.3,14.1,,
1631197,Rhoden,Jared,1610612766,Charlotte,Hornets,CHA,G,Jared Rhoden,2,4.1,1.0,2.5,0.4,0.0,0.5,0.0,0.0,0.0,0.0,0.5,1.0,1.5,1.0,0.0,0.5,0.0,0.0,0.0,0.5,2.0,,
1630208,Richards,Nick,1610612766,Charlotte,Hornets,CHA,C,Nick Richards,5,27.4,4.2,6.6,0.636,0.0,0.2,0.0,2.6,4.4,0.591,4.0,6.0,10.0,1.8,1.4,0.4,2.4,1.0,2.8,3.4,11.0,Ribs,Out
1626196,Richardson,Josh,1610612748,Miami,Heat,MIA,G,Josh Richardson,4,19.5,1.0,4.3,0.235,0.5,2.3,0.222,0.5,0.5,1.0,1.3,1.0,2.3,1.3,1.5,1.5,0.0,0.5,3.3,1.0,3.0,,
1642258,Risacher,Zaccharie,1610612737,Atlanta,Hawks,ATL,F,Zaccharie Risacher,11,27.0,4.3,11.3,0.379,1.4,5.2,0.263,2.1,3.2,0.657,1.4,2.2,3.5,1.4,1.3,0.9,1.0,0.8,2.5,2.2,12.0,,
1641857,Robbins,Liam,1610612749,Milwaukee,Bucks,MIL,C,Liam Robbins,3,5.5,0.7,1.0,0.667,0.0,0.3,0.0,0.3,1.3,0.25,0.7,0.3,1.0,0.0,0.0,0.0,0.0,0.0,1.0,1.3,1.7,,
1629130,Robinson,Duncan,1610612748,Miami,Heat,MIA,F,Duncan Robinson,8,16.4,3.0,7.9,0.381,2.4,5.8,0.413,0.0,0.0,0.0,0.0,1.6,1.6,1.3,0.5,0.1,0.4,0.6,1.8,0.4,8.4,,
1629011,Robinson,Mitchell,1610612752,New York,Knicks,NYK,C-F,Mitchell Robinson,,,,,,,,,,,,,,,,,,,,,,,Ankle,Out
1631115,Robinson,Orlando,1610612758,Sacramento,Kings,SAC,C,Orlando Robinson,,,,,,,,,,,,,,,,,,,,,,,Knee,Out
1630526,Robinson-Earl,Jeremiah,1610612740,New Orleans,Pelicans,NOP,F,Jeremiah Robinson-Earl,10,17.3,2.0,4.4,0.455,0.7,1.6,0.438,0.9,0.9,1.0,1.7,1.6,3.3,0.8,0.8,0.6,0.1,0.3,1.2,0.7,5.6,,
1631223,Roddy,David,1610612737,Atlanta,Hawks,ATL,F,David Roddy,9,20.3,2.6,4.7,0.548,1.0,2.3,0.429,1.2,1.4,0.846,0.4,3.9,4.3,2.1,1.3,0.7,0.2,0.1,1.2,1.2,7.3,,
1631157,Rollins,Ryan,1610612749,Milwaukee,Bucks,MIL,G,Ryan Rollins,8,5.7,0.8,1.4,0.545,0.3,0.5,0.5,0.4,0.5,0.75,0.3,0.5,0.8,0.8,0.6,0.3,0.5,0.0,0.8,0.6,2.1,,
1626179,Rozier,Terry,1610612748,Miami,Heat,MIA,G,Terry Rozier,9,32.4,4.8,11.9,0.402,2.6,6.4,0.397,2.2,2.4,0.909,0.4,4.2,4.7,4.0,1.9,0.9,0.3,0.8,1.7,2.6,14.3,,
1641712,Rupert,Rayan,1610612757,Portland,Trail Blazers,POR,G-F,Rayan Rupert,10,11.8,1.8,3.5,0.514,0.6,1.5,0.4,0.2,0.4,0.5,0.7,1.1,1.8,0.2,0.5,0.6,0.1,0.4,1.0,0.4,4.4,,
1626156,Russell,D'Angelo,1610612747,Los Angeles,Lakers,LAL,G,D'Angelo Russell,10,29.3,4.6,11.3,0.407,1.9,6.1,0.311,1.8,2.0,0.9,0.4,1.8,2.2,5.0,1.6,0.9,0.1,0.3,1.9,1.7,12.9,,
1630346,Ryan,Matt,1610612752,New York,Knicks,NYK,F,Matt Ryan,1,6.1,1.0,2.0,0.5,1.0,2.0,0.5,0.0,0.0,0.0,0.0,0.0,0.0,0.0,0.0,0.0,0.0,0.0,0.0,0.0,3.0,,
1627734,Sabonis,Domantas,1610612758,Sacramento,Kings,SAC,F-C,Domantas Sabonis,10,36.9,7.6,11.8,0.644,0.8,2.1,0.381,4.5,5.4,0.833,3.0,9.9,12.9,6.9,2.9,0.6,0.2,0.3,3.9,4.3,20.5,,
1642275,Salaün,Tidjane,1610612766,Charlotte,Hornets,CHA,F,Tidjane Salaun,8,16.8,1.1,4.3,0.265,0.6,3.0,0.208,0.1,0.3,0.5,0.8,3.0,3.8,1.0,0.9,0.4,0.0,0.6,0.8,0.5,3.0,,
1641766,Sanogo,Adama,1610612741,Chicago,Bulls,CHI,F,Adama Sanogo,2,4.6,1.0,2.0,0.5,0.0,0.0,0.0,0.0,0.0,0.0,0.5,0.0,0.5,0.5,0.0,0.0,0.0,0.5,0.5,0.5,2.0,,
1630611,Santos,Gui,1610612744,Golden State,Warriors,GSW,F,Gui Santos,5,4.0,0.4,0.6,0.667,0.2,0.4,0.5,0.2,0.4,0.5,0.2,0.8,1.0,0.4,0.4,0.0,0.0,0.0,0.6,0.4,1.2,,
1642259,Sarr,Alexandre,1610612764,Washington,Wizards,WAS,C,Alexandre Sarr,8,25.0,3.4,9.9,0.342,1.0,5.0,0.2,2.0,2.5,0.8,1.8,4.5,6.3,2.4,1.1,0.6,2.5,0.5,2.9,1.9,9.8,,
1631204,Sasser,Marcus,1610612765,Detroit,Pistons,DET,G,Marcus Sasser,4,6.3,0.5,0.8,0.667,0.0,0.3,0.0,0.0,0.0,0.0,0.3,0.3,0.5,0.8,0.3,0.3,0.0,0.0,0.3,0.3,1.0,,
1631248,Scheierman,Baylor,1610612738,Boston,Celtics,BOS,G,Baylor Scheierman,3,6.0,0.3,2.0,0.167,0.0,1.3,0.0,0.7,0.7,1.0,0.3,1.0,1.3,0.0,0.0,0.0,0.0,0.3,0.7,0.3,1.3,,
203471,Schröder,Dennis,1610612751,Brooklyn,Nets,BKN,G,Dennis Schroder,10,35.2,7.1,14.6,0.486,3.1,6.7,0.463,2.8,3.2,0.875,0.2,2.7,2.9,6.6,2.6,1.5,0.0,0.9,2.8,2.6,20.1,,
1630578,Sengun,Alperen,1610612745,Houston,Rockets,HOU,C,Alperen Sengun,10,28.4,6.5,14.2,0.458,0.4,1.5,0.267,3.5,4.8,0.729,3.5,7.5,11.0,3.9,2.0,1.0,1.1,1.6,3.1,5.7,16.9,,
1641729,Sensabaugh,Brice,1610612762,Utah,Jazz,UTA,F,Brice Sensabaugh,8,12.8,1.9,4.1,0.455,1.0,2.6,0.381,1.0,1.1,0.889,0.6,1.3,1.9,0.5,1.3,0.4,0.0,0.3,0.4,0.6,5.8,,
1629012,Sexton,Collin,1610612762,Utah,Jazz,UTA,G,Collin Sexton,9,25.8,5.0,11.0,0.455,1.1,3.0,0.37,4.7,5.2,0.894,0.2,2.2,2.4,3.1,2.8,0.9,0.2,1.2,2.6,4.1,15.8,,
1630545,Shannon Jr.,Terrence,1610612750,Minnesota,Timberwolves,MIN,G-F,Terrence Shannon Jr.,4,3.7,0.5,0.8,0.667,0.0,0.3,0.0,0.0,0.0,0.0,0.0,0.0,0.0,0.5,0.5,0.5,0.3,0.0,0.0,0.0,1.0,,
1630549,Sharpe,Day'Ron,1610612751,Brooklyn,Nets,BKN,C,Day'Ron Sharpe,,,,,,,,,,,,,,,,,,,,,,,Hamstring,Out
1631101,Sharpe,Shaedon,1610612757,Portland,Trail Blazers,POR,G,Shaedon Sharpe,3,20.1,3.7,9.0,0.407,0.3,4.3,0.077,1.0,1.7,0.6,1.0,1.3,2.3,1.0,1.0,0.0,0.3,0.0,1.0,1.0,8.7,,
1642347,Shead,Jamal,1610612761,Toronto,Raptors,TOR,G,Jamal Shead,11,16.1,2.1,5.5,0.383,0.5,1.9,0.238,0.8,0.9,0.9,0.1,0.8,0.9,3.7,1.6,0.4,0.2,0.2,2.0,1.5,5.5,,
1641767,Sheppard,Ben,1610612754,Indiana,Pacers,IND,G,Ben Sheppard,10,19.1,2.2,4.8,0.458,1.5,3.6,0.417,0.0,0.0,0.0,0.4,1.5,1.9,1.1,0.4,0.2,0.2,0.5,2.5,0.7,5.9,,
1642263,Sheppard,Reed,1610612745,Houston,Rockets,HOU,G,Reed Sheppard,10,11.5,1.4,3.3,0.424,0.6,1.7,0.353,0.0,0.0,0.0,0.5,0.8,1.3,1.7,0.8,0.2,0.1,0.1,0.9,0.1,3.4,,
1627783,Siakam,Pascal,1610612754,Indiana,Pacers,IND,F,Pascal Siakam,10,33.5,8.0,14.7,0.544,2.1,4.7,0.447,1.9,2.7,0.704,1.8,4.7,6.5,4.5,1.2,0.8,0.2,0.5,2.6,2.9,20.0,,
1627732,Simmons,Ben,1610612751,Brooklyn,Nets,BKN,G-F,Ben Simmons,7,24.8,2.9,4.6,0.625,0.0,0.0,0.0,0.4,0.6,0.75,1.0,5.0,6.0,6.4,3.3,0.7,0.6,0.1,3.6,1.9,6.1,,
1629014,Simons,Anfernee,1610612757,Portland,Trail Blazers,POR,G,Anfernee Simons,11,32.0,6.1,16.0,0.381,2.4,7.8,0.302,3.0,3.3,0.917,0.2,1.9,2.1,4.6,2.6,0.8,0.1,1.3,1.5,2.1,17.5,,
1642354,Simpson,KJ,1610612766,Charlotte,Hornets,CHA,G,KJ Simpson,1,6.9,1.0,2.0,0.5,0.0,1.0,0.0,0.0,0.0,0.0,2.0,1.0,3.0,1.0,0.0,0.0,0.0,0.0,0.0,2.0,2.0,,
1630579,Sims,Jericho,1610612752,New York,Knicks,NYK,C,Jericho Sims,9,13.3,0.7,1.0,0.667,0.0,0.0,0.0,0.0,0.2,0.0,1.4,2.3,3.8,0.3,0.7,0.2,0.3,0.2,1.6,0.3,1.3,,
203935,Smart,Marcus,1610612763,Memphis,Grizzlies,MEM,G,Marcus Smart,5,19.8,1.6,6.8,0.235,0.6,3.6,0.167,1.8,2.2,0.818,1.0,1.2,2.2,2.8,1.4,1.2,0.6,0.6,2.2,2.0,5.6,Ankle,Game Time Decision
1630696,Smith,Dru,1610612748,Miami,Heat,MIA,G,Dru Smith,4,7.0,0.5,1.5,0.333,0.0,0.3,0.0,0.0,0.0,0.0,0.5,1.3,1.8,0.5,0.5,0.0,1.0,0.0,0.8,0.0,1.0,,
1630188,Smith,Jalen,1610612741,Chicago,Bulls,CHI,F-C,Jalen Smith,9,14.6,3.1,6.8,0.459,1.6,3.8,0.412,1.1,1.7,0.667,1.6,3.7,5.2,0.6,0.6,0.6,0.3,0.2,2.3,1.6,8.9,Illness,Game Time Decision
1641890,Smith,Tyler,1610612749,Milwaukee,Bucks,MIL,F,Tyler Smith,7,3.8,1.0,1.6,0.636,0.3,0.9,0.333,0.1,0.3,0.5,0.1,0.6,0.7,0.0,0.3,0.0,0.3,0.0,0.6,0.3,2.4,,
1631095,Smith Jr.,Jabari,1610612745,Houston,Rockets,HOU,F,Jabari Smith Jr.,10,28.5,4.0,9.7,0.412,1.2,4.5,0.267,1.8,2.2,0.818,2.3,4.4,6.7,0.8,0.9,0.4,0.5,0.8,2.6,2.0,11.0,,
1641733,Smith Jr.,Nick,1610612766,Charlotte,Hornets,CHA,G,Nick Smith Jr.,3,6.5,1.0,3.0,0.333,0.3,1.7,0.2,0.0,0.0,0.0,0.0,0.3,0.3,0.0,0.3,0.3,0.0,0.0,0.3,0.0,2.3,,
1631110,Sochan,Jeremy,1610612759,San Antonio,Spurs,SAS,F,Jeremy Sochan,7,29.3,6.3,12.3,0.512,0.4,1.7,0.25,2.4,3.6,0.68,2.4,5.3,7.7,3.0,2.3,1.0,0.4,0.9,3.0,2.9,15.4,Thumb,Out
1642285,Spencer,Cam,1610612763,Memphis,Grizzlies,MEM,G,Cam Spencer,,,,,,,,,,,,,,,,,,,,,,,Ankle,Out
1630311,Spencer,Pat,1610612744,Golden State,Warriors,GSW,G,Pat Spencer,3,1.5,0.7,1.0,0.667,0.0,0.0,0.0,0.0,0.0,0.0,0.0,0.0,0.0,0.3,0.0,0.0,0.0,0.0,0.0,0.0,1.3,,
1630531,Springer,Jaden,1610612738,Boston,Celtics,BOS,G,Jaden Springer,4,4.1,0.3,1.3,0.2,0.0,0.5,0.0,0.3,0.5,0.5,0.5,0.5,1.0,0.3,0.3,0.5,0.0,0.0,0.3,0.5,0.8,Knee,Game Time Decision
1630569,Steward,DJ,1610612741,Chicago,Bulls,CHI,G,DJ Steward,,,,,,,,,,,,,,,,,,,,,,,,
1630191,Stewart,Isaiah,1610612765,Detroit,Pistons,DET,F-C,Isaiah Stewart,11,22.5,2.2,4.0,0.545,0.0,0.4,0.0,1.2,1.4,0.867,2.8,4.5,7.3,2.3,1.3,0.5,1.4,0.2,3.4,1.3,5.5,,
1631124,Strawther,Julian,1610612743,Denver,Nuggets,DEN,G,Julian Strawther,10,21.4,3.4,7.3,0.466,1.3,3.6,0.361,1.2,1.6,0.75,0.5,1.5,2.0,1.5,1.2,1.0,0.4,0.3,2.9,1.4,9.3,,
1629622,Strus,Max,1610612739,Cleveland,Cavaliers,CLE,G-F,Max Strus,,,,,,,,,,,,,,,,,,,,,,,Ankle,Out
1630591,Suggs,Jalen,1610612753,Orlando,Magic,ORL,G,Jalen Suggs,11,29.2,5.3,12.1,0.436,2.1,6.5,0.324,2.6,2.9,0.906,0.5,4.7,5.2,4.2,2.8,1.5,1.0,0.2,2.4,3.5,15.3,,
1631306,Swider,Cole,1610612765,Detroit,Pistons,DET,F,Cole Swider,,,,,,,,,,,,,,,,,,,,,,,,
1630256,Tate,Jae'Sean,1610612745,Houston,Rockets,HOU,F,Jae'Sean Tate,3,4.5,1.0,1.7,0.6,0.0,0.3,0.0,0.7,1.3,0.5,0.7,1.7,2.3,0.7,0.7,0.3,0.0,0.0,1.0,1.0,2.7,,
1628369,Tatum,Jayson,1610612738,Boston,Celtics,BOS,F-G,Jayson Tatum,11,36.0,9.5,20.5,0.465,4.3,11.6,0.367,7.2,9.0,0.798,0.5,7.2,7.6,5.0,2.9,1.6,0.5,0.8,2.5,5.9,30.5,Ankle,Game Time Decision
202066,Temple,Garrett,1610612761,Toronto,Raptors,TOR,G-F,Garrett Temple,2,4.4,0.5,1.0,0.5,0.0,0.5,0.0,0.0,0.0,0.0,0.0,0.0,0.0,1.0,0.0,0.5,0.0,0.0,1.0,0.0,1.0,Back,Game Time Decision
1631207,Terry,Dalen,1610612741,Chicago,Bulls,CHI,F,Dalen Terry,10,12.8,1.4,3.1,0.452,0.2,1.0,0.2,1.1,1.5,0.733,0.9,1.0,1.9,1.0,0.8,0.6,0.5,0.1,1.4,1.2,4.1,,
1628464,Theis,Daniel,1610612740,New Orleans,Pelicans,NOP,F-C,Daniel Theis,10,14.8,1.4,3.3,0.424,0.2,1.0,0.2,0.6,0.8,0.75,0.7,2.8,3.5,1.5,0.8,0.3,0.7,0.1,1.4,1.2,3.6,,
1630560,Thomas,Cam,1610612751,Brooklyn,Nets,BKN,G,Cam Thomas,10,34.6,8.3,19.5,0.426,2.5,7.8,0.321,6.1,6.7,0.91,0.4,2.6,3.0,3.2,2.8,0.9,0.0,1.8,2.3,4.9,25.2,,
1641708,Thompson,Amen,1610612745,Houston,Rockets,HOU,G-F,Amen Thompson,10,24.1,3.7,7.2,0.514,0.2,1.2,0.167,2.4,3.1,0.774,1.6,4.3,5.9,2.1,1.6,0.7,0.4,0.2,2.2,2.1,10.0,,
1641709,Thompson,Ausar,1610612765,Detroit,Pistons,DET,G-F,Ausar Thompson,,,,,,,,,,,,,,,,,,,,,,,Illness,Out
202691,Thompson,Klay,1610612742,Dallas,Mavericks,DAL,G,Klay Thompson,10,30.1,5.1,12.2,0.418,2.9,8.2,0.354,0.7,0.7,1.0,0.6,3.1,3.7,2.0,0.8,0.6,0.2,0.2,1.3,0.4,13.8,,
202684,Thompson,Tristan,1610612739,Cleveland,Cavaliers,CLE,C-F,Tristan Thompson,5,5.3,1.0,1.4,0.714,0.0,0.0,0.0,0.0,1.0,0.0,0.0,1.0,1.0,0.2,0.4,0.0,0.0,0.2,0.2,0.6,2.0,,
1630550,Thor,JT,1610612739,Cleveland,Cavaliers,CLE,F,JT Thor,,,,,,,,,,,,,,,,,,,,,,,,
1629680,Thybulle,Matisse,1610612757,Portland,Trail Blazers,POR,G-F,Matisse Thybulle,,,,,,,,,,,,,,,,,,,,,,,Knee,Game Time Decision
1630214,Tillman,Xavier,1610612738,Boston,Celtics,BOS,F,Xavier Tillman,9,10.2,0.7,2.6,0.261,0.3,1.6,0.214,0.0,0.0,0.0,0.7,1.6,2.2,0.7,0.3,0.3,0.0,0.3,0.7,0.1,1.7,,
1642260,Topić,Nikola,1610612760,Oklahoma City,Thunder,OKC,G,Nikola Topic,,,,,,,,,,,,,,,,,,,,,,,Knee,Out For Season
1631210,Toppin,Jacob,1610612752,New York,Knicks,NYK,F,Jacob Toppin,3,3.3,0.3,0.7,0.5,0.0,0.3,0.0,0.0,0.0,0.0,0.0,0.3,0.3,0.3,0.0,0.0,0.0,0.0,0.0,0.0,0.7,,
1630167,Toppin,Obi,1610612754,Indiana,Pacers,IND,F,Obi Toppin,9,20.8,3.4,6.4,0.534,0.9,2.7,0.333,1.2,1.4,0.846,1.0,2.1,3.1,1.6,0.9,0.6,0.2,0.1,1.3,1.4,9.0,Ankle,Game Time Decision
1626157,Towns,Karl-Anthony,1610612752,New York,Knicks,NYK,C-F,Karl-Anthony Towns,9,32.9,8.9,16.7,0.533,2.4,4.6,0.537,4.7,5.3,0.875,3.2,9.1,12.3,2.3,1.8,0.6,0.9,1.3,3.2,4.8,24.9,,
1642422,Traoré,Armel,1610612747,Los Angeles,Lakers,LAL,F,Armel Traore,,,,,,,,,,,,,,,,,,,,,,,,
1631247,Travers,Luke,1610612739,Cleveland,Cavaliers,CLE,F,Luke Travers,2,3.7,0.5,0.5,1.0,0.0,0.0,0.0,1.0,1.0,1.0,0.5,1.0,1.5,1.0,0.0,0.0,0.5,0.0,1.5,0.5,2.0,,
1629018,Trent Jr.,Gary,1610612749,Milwaukee,Bucks,MIL,G,Gary Trent Jr.,8,26.8,2.3,7.6,0.295,1.1,4.9,0.231,1.6,1.8,0.929,0.0,1.4,1.4,0.9,0.9,0.8,0.0,0.0,2.8,1.1,7.3,,
1631131,Tshiebwe,Oscar,1610612762,Utah,Jazz,UTA,F-C,Oscar Tshiebwe,,,,,,,,,,,,,,,,,,,,,,,,
200782,Tucker,P.J.,1610612746,LA,Clippers,LAC,F,P.J. Tucker,,,,,,,,,,,,,,,,,,,,,,,Not Injury Related,Out
1626167,Turner,Myles,1610612754,Indiana,Pacers,IND,C-F,Myles Turner,9,32.5,6.1,13.1,0.466,2.2,5.4,0.408,3.0,4.3,0.692,0.9,6.4,7.3,1.4,3.0,0.9,1.8,0.6,3.7,3.6,17.4,,
1641816,Tyson,Hunter,1610612743,Denver,Nuggets,DEN,F,Hunter Tyson,6,12.6,1.2,2.2,0.538,0.2,1.0,0.167,0.5,0.5,1.0,0.3,1.8,2.2,0.7,0.5,0.3,0.2,0.0,1.8,0.5,3.0,,
1642281,Tyson,Jaylon,1610612739,Cleveland,Cavaliers,CLE,G-F,Jaylon Tyson,5,4.9,0.4,1.2,0.333,0.4,0.8,0.5,0.2,0.4,0.5,0.0,0.8,0.8,0.4,0.8,0.0,0.0,0.2,1.4,0.2,1.4,,
1630649,Umude,Stanley,1610612749,Milwaukee,Bucks,MIL,G,Stanley Umude,2,5.8,0.5,1.5,0.333,0.5,1.5,0.333,0.0,1.0,0.0,0.0,1.0,1.0,0.5,0.0,0.0,0.0,0.0,0.0,0.5,1.5,,
202685,Valančiūnas,Jonas,1610612764,Washington,Wizards,WAS,C,Jonas Valanciunas,8,21.0,5.1,8.6,0.594,0.1,0.4,0.333,2.3,2.5,0.9,2.1,5.0,7.1,2.6,2.0,0.5,0.6,0.6,1.6,2.5,12.6,,
1627832,VanVleet,Fred,1610612745,Houston,Rockets,HOU,G,Fred VanVleet,10,35.6,4.7,12.5,0.376,2.0,7.1,0.282,1.8,2.4,0.75,0.9,3.0,3.9,5.8,1.0,1.7,0.3,0.5,2.8,2.7,13.2,Hamstring,Out
1629020,Vanderbilt,Jarred,1610612747,Los Angeles,Lakers,LAL,F,Jarred Vanderbilt,,,,,,,,,,,,,,,,,,,,,,,Foot,Out
1630170,Vassell,Devin,1610612759,San Antonio,Spurs,SAS,G-F,Devin Vassell,1,21.7,8.0,13.0,0.615,3.0,6.0,0.5,2.0,2.0,1.0,0.0,1.0,1.0,2.0,3.0,0.0,0.0,0.0,5.0,2.0,21.0,,
1629216,Vincent,Gabe,1610612747,Los Angeles,Lakers,LAL,G,Gabe Vincent,10,18.2,1.3,4.2,0.31,0.5,2.6,0.192,0.1,0.2,0.5,0.2,0.7,0.9,0.5,0.7,0.6,0.0,0.1,1.5,0.5,3.2,,
1641774,Vukcevic,Tristan,1610612764,Washington,Wizards,WAS,F,Tristan Vukcevic,,,,,,,,,,,,,,,,,,,,,,,,
202696,Vučević,Nikola,1610612741,Chicago,Bulls,CHI,C,Nikola Vucevic,10,31.9,8.3,14.2,0.585,2.1,4.4,0.477,2.2,2.5,0.88,2.6,7.7,10.3,3.2,1.6,0.6,0.8,0.6,2.5,3.2,20.9,,
1629731,Wade,Dean,1610612739,Cleveland,Cavaliers,CLE,F-C,Dean Wade,9,22.6,2.1,5.1,0.413,1.4,4.1,0.351,0.3,0.9,0.375,0.6,4.0,4.6,1.8,0.2,1.1,0.2,0.1,1.9,0.8,6.0,,
1630532,Wagner,Franz,1610612753,Orlando,Magic,ORL,F,Franz Wagner,11,29.1,7.5,16.0,0.472,1.6,4.8,0.34,3.2,3.8,0.833,1.2,3.9,5.1,4.5,2.3,1.4,0.2,1.4,2.2,3.5,19.9,,
1629021,Wagner,Moritz,1610612753,Orlando,Magic,ORL,F-C,Moritz Wagner,11,18.2,4.2,8.1,0.517,0.7,2.5,0.286,3.2,4.1,0.778,0.6,4.0,4.6,0.9,1.7,0.6,0.3,0.3,2.2,3.0,12.3,,
1631133,Walker,Jabari,1610612757,Portland,Trail Blazers,POR,F,Jabari Walker,10,9.0,1.1,2.7,0.407,0.2,0.9,0.222,0.7,0.8,0.875,0.9,1.8,2.7,0.3,0.4,0.2,0.1,0.5,1.0,1.0,3.1,,
1641716,Walker,Jarace,1610612754,Indiana,Pacers,IND,F,Jarace Walker,10,13.7,2.0,4.2,0.476,0.9,2.2,0.409,0.5,0.7,0.714,0.5,2.1,2.6,1.0,0.8,1.0,0.3,0.3,1.5,0.9,5.4,,
1641717,Wallace,Cason,1610612760,Oklahoma City,Thunder,OKC,G,Cason Wallace,10,25.3,3.2,7.2,0.444,0.8,2.6,0.308,0.3,0.3,1.0,0.8,2.5,3.3,1.3,0.6,1.4,0.5,0.6,2.0,0.5,7.5,,
1630811,Wallace,Keaton,1610612737,Atlanta,Hawks,ATL,G,Keaton Wallace,9,14.5,2.1,4.2,0.5,0.8,1.9,0.412,0.4,0.4,1.0,0.1,1.2,1.3,1.1,1.0,0.9,0.6,0.0,1.0,0.3,5.4,,
1641775,Walsh,Jordan,1610612738,Boston,Celtics,BOS,G,Jordan Walsh,9,10.5,0.4,1.8,0.25,0.2,1.4,0.154,0.0,0.1,0.0,0.2,0.9,1.1,0.2,0.2,0.3,0.3,0.0,0.7,0.6,1.1,,
1642266,Walter,Ja'Kobe,1610612761,Toronto,Raptors,TOR,G,Ja'Kobe Walter,4,12.2,0.8,4.0,0.188,0.3,1.5,0.167,0.8,1.3,0.6,1.0,1.8,2.8,0.8,0.0,0.0,0.3,1.0,2.0,1.0,2.5,Shoulder,Out
1642276,Ware,Kel'el,1610612748,Miami,Heat,MIA,C,Kel'el Ware,5,6.7,1.2,2.8,0.429,0.2,0.6,0.333,0.0,0.0,0.0,0.0,1.2,1.2,0.0,0.6,0.4,0.8,0.0,1.0,0.2,2.6,,
1629023,Washington,P.J.,1610612742,Dallas,Mavericks,DAL,F,P.J. Washington,7,32.5,4.0,9.4,0.424,1.0,4.4,0.226,0.4,1.1,0.375,1.7,6.0,7.7,1.4,1.1,1.6,1.3,0.1,2.6,0.9,9.4,Knee,Game Time Decision
1631102,Washington Jr.,TyTy,1610612756,Phoenix,Suns,PHX,G,TyTy Washington Jr.,,,,,,,,,,,,,,,,,,,,,,,,
1630322,Waters III,Lindy,1610612744,Golden State,Warriors,GSW,F,Lindy Waters III,9,13.7,1.9,4.0,0.472,1.0,2.7,0.375,0.2,0.2,1.0,0.4,1.4,1.9,1.4,0.0,0.3,0.1,0.2,1.0,0.6,5.0,,
1630570,Watford,Trendon,1610612751,Brooklyn,Nets,BKN,G-F,Trendon Watford,,,,,,,,,,,,,,,,,,,,,,,Hamstring,Out
1641817,Watson,Anton,1610612738,Boston,Celtics,BOS,F,Anton Watson,,,,,,,,,,,,,,,,,,,,,,,,
1631212,Watson,Peyton,1610612743,Denver,Nuggets,DEN,G,Peyton Watson,10,23.3,2.9,7.1,0.408,0.9,2.3,0.391,1.7,2.3,0.739,1.1,2.0,3.1,1.0,0.6,0.9,1.0,1.0,2.2,1.6,8.4,,
1642377,Wells,Jaylen,1610612763,Memphis,Grizzlies,MEM,F,Jaylen Wells,11,25.8,4.1,9.6,0.425,1.8,4.6,0.392,1.4,1.9,0.714,0.8,2.5,3.3,1.6,1.0,0.4,0.3,0.5,1.8,2.4,11.4,,
1641705,Wembanyama,Victor,1610612759,San Antonio,Spurs,SAS,F-C,Victor Wembanyama,10,31.0,6.5,15.3,0.425,2.0,7.1,0.282,3.3,3.6,0.917,2.0,8.2,10.2,2.4,3.7,1.4,4.0,0.6,2.0,5.4,18.3,,
1631104,Wesley,Blake,1610612759,San Antonio,Spurs,SAS,G,Blake Wesley,9,11.4,1.7,4.0,0.417,0.2,1.0,0.222,0.8,1.0,0.778,0.2,0.3,0.6,2.0,1.1,0.4,0.0,0.3,0.8,1.0,4.3,,
201566,Westbrook,Russell,1610612743,Denver,Nuggets,DEN,G,Russell Westbrook,10,24.6,3.4,9.6,0.354,1.0,3.3,0.303,3.3,4.7,0.702,1.0,3.1,4.1,5.4,2.5,1.5,0.6,1.0,2.8,2.9,11.1,,
1629632,White,Coby,1610612741,Chicago,Bulls,CHI,G,Coby White,10,33.2,6.7,15.0,0.447,3.4,9.0,0.378,2.6,3.2,0.813,0.2,3.3,3.5,5.0,2.7,1.3,0.1,0.5,2.5,2.7,19.4,,
1628401,White,Derrick,1610612738,Boston,Celtics,BOS,G,Derrick White,11,34.5,6.5,13.7,0.47,3.6,8.9,0.408,2.3,2.5,0.893,1.0,3.5,4.5,4.4,1.3,1.0,1.2,0.7,2.6,2.4,18.8,,
1641727,Whitehead,Dariq,1610612751,Brooklyn,Nets,BKN,G-F,Dariq Whitehead,1,2.0,0.0,0.0,0.0,0.0,0.0,0.0,0.0,0.0,0.0,0.0,1.0,1.0,0.0,2.0,0.0,0.0,0.0,0.0,0.0,0.0,,
1641715,Whitmore,Cam,1610612745,Houston,Rockets,HOU,F,Cam Whitmore,7,10.5,2.4,6.3,0.386,0.1,2.6,0.056,1.1,1.7,0.667,0.6,1.0,1.6,0.4,0.4,0.1,0.1,0.7,1.1,1.3,6.1,,
1630598,Wiggins,Aaron,1610612760,Oklahoma City,Thunder,OKC,G,Aaron Wiggins,10,20.7,4.1,8.5,0.482,1.5,3.2,0.469,0.5,0.5,1.0,1.1,2.9,4.0,2.0,0.7,1.0,0.3,0.9,1.3,0.5,10.2,,
203952,Wiggins,Andrew,1610612744,Golden State,Warriors,GSW,F,Andrew Wiggins,8,26.5,5.3,11.9,0.442,2.0,4.9,0.41,3.0,4.1,0.727,1.9,2.9,4.8,2.3,1.0,0.8,0.8,1.0,1.9,3.0,15.5,,
1631214,Williams,Alondes,1610612765,Detroit,Pistons,DET,G,Alondes Williams,,,,,,,,,,,,,,,,,,,,,,,,
1630314,Williams,Brandon,1610612742,Dallas,Mavericks,DAL,G,Brandon Williams,3,4.4,0.3,1.7,0.2,0.0,0.7,0.0,0.7,1.0,0.667,0.3,0.7,1.0,0.7,0.3,0.0,0.0,0.0,0.7,0.3,1.3,,
1642262,Williams,Cody,1610612762,Utah,Jazz,UTA,F,Cody Williams,9,22.9,1.6,5.7,0.275,0.6,3.2,0.172,0.6,0.9,0.625,0.7,2.1,2.8,1.3,0.9,0.6,0.3,0.1,1.0,0.8,4.2,,
1629684,Williams,Grant,1610612766,Charlotte,Hornets,CHA,F,Grant Williams,10,27.7,3.1,7.3,0.425,1.7,5.0,0.34,1.5,1.8,0.833,1.0,3.5,4.5,2.4,1.9,1.3,0.7,0.1,3.2,2.4,9.4,,
1631114,Williams,Jalen,1610612760,Oklahoma City,Thunder,OKC,G-F,Jalen Williams,10,31.9,7.8,15.9,0.491,1.8,4.7,0.383,1.7,2.5,0.68,0.9,5.3,6.2,4.9,2.4,1.9,0.9,0.7,2.9,2.2,19.1,,
1631119,Williams,Jaylin,1610612760,Oklahoma City,Thunder,OKC,F,Jaylin Williams,,,,,,,,,,,,,,,,,,,,,,,Hamstring,Out
1629026,Williams,Kenrich,1610612760,Oklahoma City,Thunder,OKC,G-F,Kenrich Williams,,,,,,,,,,,,,,,,,,,,,,,,
1631109,Williams,Mark,1610612766,Charlotte,Hornets,CHA,C,Mark Williams,,,,,,,,,,,,,,,,,,,,,,,Foot,Out
1631466,Williams,Nate,1610612745,Houston,Rockets,HOU,G,Nate Williams,1,2.2,1.0,1.0,1.0,1.0,1.0,1.0,0.0,0.0,0.0,0.0,2.0,2.0,0.0,0.0,0.0,0.0,0.0,0.0,0.0,3.0,,
1630172,Williams,Patrick,1610612741,Chicago,Bulls,CHI,F,Patrick Williams,10,28.0,2.9,8.5,0.341,1.5,4.4,0.341,1.3,1.5,0.867,1.0,4.0,5.0,1.8,1.9,1.1,0.6,0.7,1.6,1.1,8.6,,
1630533,Williams,Ziaire,1610612751,Brooklyn,Nets,BKN,F,Ziaire Williams,10,19.9,3.3,6.9,0.478,0.9,2.8,0.321,0.8,1.1,0.727,1.2,2.8,4.0,1.1,0.9,1.0,0.3,0.6,2.7,1.3,8.3,,
1629057,Williams III,Robert,1610612757,Portland,Trail Blazers,POR,C-F,Robert Williams III,2,14.2,3.0,4.5,0.667,0.5,1.0,0.5,2.0,2.0,1.0,1.0,3.0,4.0,1.0,1.0,1.0,1.0,0.0,0.0,1.0,8.5,,
1631246,Williams Jr.,Vince,1610612763,Memphis,Grizzlies,MEM,G,Vince Williams Jr.,,,,,,,,,,,,,,,,,,,,,,,,
1629627,Williamson,Zion,1610612740,New Orleans,Pelicans,NOP,F,Zion Williamson,6,31.1,7.8,17.3,0.452,0.3,1.0,0.333,6.7,10.0,0.667,2.7,5.3,8.0,5.3,3.7,0.7,1.2,3.2,3.0,6.7,22.7,Hamstring,Out
1630592,Wilson,Jalen,1610612751,Brooklyn,Nets,BKN,F,Jalen Wilson,10,21.6,2.7,6.3,0.429,0.7,3.3,0.212,1.8,2.1,0.857,1.1,2.3,3.4,2.0,1.0,0.3,0.0,0.5,1.9,1.6,7.9,,
1630164,Wiseman,James,1610612754,Indiana,Pacers,IND,C,James Wiseman,1,4.6,2.0,4.0,0.5,0.0,1.0,0.0,2.0,2.0,1.0,0.0,1.0,1.0,0.0,0.0,0.0,0.0,0.0,0.0,1.0,6.0,Achilles,Out For Season
1626174,Wood,Christian,1610612747,Los Angeles,Lakers,LAL,F,Christian Wood,,,,,,,,,,,,,,,,,,,,,,,Knee,Out
1626153,Wright,Delon,1610612749,Milwaukee,Bucks,MIL,G,Delon Wright,7,13.1,0.9,2.0,0.429,0.4,1.0,0.429,0.0,0.0,0.0,0.0,0.6,0.6,0.9,0.4,0.3,0.3,0.3,0.9,0.4,2.1,,
1627824,Yabusele,Guerschon,1610612755,Philadelphia,76ers,PHI,F,Guerschon Yabusele,9,21.3,3.8,7.1,0.531,1.8,4.1,0.432,1.0,1.6,0.643,1.6,2.9,4.4,1.8,1.3,0.9,0.4,0.3,3.2,2.0,10.3,,
1642385,Yongxi,Cui,1610612751,Brooklyn,Nets,BKN,F,Cui Yongxi,2,1.5,0.0,0.0,0.0,0.0,0.0,0.0,0.5,1.0,0.5,0.0,0.0,0.0,0.0,0.0,0.0,0.0,0.0,0.0,0.5,0.5,,
1629027,Young,Trae,1610612737,Atlanta,Hawks,ATL,G,Trae Young,11,36.6,7.3,18.6,0.39,3.1,9.3,0.333,6.3,7.1,0.885,1.0,3.2,4.2,11.5,4.5,1.3,0.2,0.8,1.9,5.9,23.9,Achilles,Out
203469,Zeller,Cody,1610612737,Atlanta,Hawks,ATL,F-C,Cody Zeller,,,,,,,,,,,,,,,,,,,,,,,Personal,Out
1627826,Zubac,Ivica,1610612746,LA,Clippers,LAC,C,Ivica Zubac,10,35.0,7.0,12.3,0.569,0.0,0.0,0.0,2.4,3.9,0.615,4.4,8.3,12.7,2.8,2.0,0.8,1.0,0.9,2.8,4.2,16.4,,
1641783,da Silva,Tristan,1610612753,Orlando,Magic,ORL,F,Tristan da Silva,7,24.6,3.0,7.4,0.404,1.3,3.7,0.346,0.7,0.9,0.833,0.6,2.3,2.9,1.7,0.7,0.3,0.1,0.4,2.0,1.3,8.0,,
1628427,Čančar,Vlatko,1610612743,Denver,Nuggets,DEN,F,Vlatko Cancar,1,1.6,0.0,0.0,0.0,0.0,0.0,0.0,0.0,0.0,0.0,0.0,1.0,1.0,0.0,0.0,0.0,0.0,0.0,0.0,0.0,0.0,Ankle,Game Time Decision
203967,Šarić,Dario,1610612743,Denver,Nuggets,DEN,F-C,Dario Saric,5,8.8,0.4,2.4,0.167,0.0,0.6,0.0,0.2,0.4,0.5,0.8,0.8,1.6,0.2,0.4,0.2,0.0,0.4,0.6,0.4,1.0,,
