PERSON_ID,PLAYER_LAST_NAME,PLAYER_FIRST_NAME,PLAYER_SLUG,TEAM_ID,TEAM_SLUG,IS_DEFUNCT,TEAM_CITY,TEAM_NAME,TEAM_ABBREVIATION,JERSEY_NUMBER,POSITION,HEIGHT,WEIGHT,COLLEGE,COUNTRY,DRAFT_YEAR,DRAFT_ROUND,DRAFT_NUMBER,ROSTER_STATUS,FROM_YEAR,TO_YEAR,PTS,REB,AST,STATS_TIMEFRAME
1630173,Achiuwa,Precious,precious-achiuwa,1610612752,knicks,0,New York,Knicks,NYK,5,F,6-8,243,Memphis,Nigeria,2020,1,20,1.0,2020,2024,,,,Season
203500,Adams,Steven,steven-adams,1610612745,rockets,0,Houston,Rockets,HOU,12,C,6-11,265,Pittsburgh,New Zealand,2013,1,12,1.0,2013,2024,3.8,2.8,1.8,Season
1628389,Adebayo,Bam,bam-adebayo,1610612748,heat,0,Miami,Heat,MIA,13,C-F,6-9,255,Kentucky,USA,2017,1,14,1.0,2017,2024,14.8,8.8,4.0,Season
1630534,Agbaji,Ochai,ochai-agbaji,1610612761,raptors,0,Toronto,Raptors,TOR,30,G,6-5,215,Kansas,USA,2022,1,14,1.0,2022,2024,14.0,4.8,2.0,Season
1630583,Aldama,Santi,santi-aldama,1610612763,grizzlies,0,Memphis,Grizzlies,MEM,7,F-C,7-0,215,Loyola-Maryland,Spain,2021,1,30,1.0,2021,2024,12.8,7.6,3.7,Season
1641725,Alexander,Trey,trey-alexander,1610612743,nuggets,0,Denver,Nuggets,DEN,23,G,6-4,185,Creighton,USA,,,,1.0,2024,2024,1.0,0.5,0.0,Season
1629638,Alexander-Walker,Nickeil,nickeil-alexander-walker,1610612750,timberwolves,0,Minnesota,Timberwolves,MIN,9,G,6-5,205,Virginia Tech,Canada,2019,1,17,1.0,2019,2024,8.4,2.6,2.7,Season
1628960,Allen,Grayson,grayson-allen,1610612756,suns,0,Phoenix,Suns,PHX,8,G,6-4,198,Duke,USA,2018,1,21,1.0,2018,2024,8.3,2.3,1.1,Season
1628386,Allen,Jarrett,jarrett-allen,1610612739,cavaliers,0,Cleveland,Cavaliers,CLE,31,C,6-9,243,Texas,USA,2017,1,22,1.0,2017,2024,13.9,11.1,1.7,Season
1630631,Alvarado,Jose,jose-alvarado,1610612740,pelicans,0,New Orleans,Pelicans,NOP,15,G,6-0,179,Georgia Tech,USA,,,,1.0,2021,2024,11.5,2.4,4.9,Season
203937,Anderson,Kyle,kyle-anderson,1610612744,warriors,0,Golden State,Warriors,GSW,1,F-G,6-9,230,UCLA,USA,2014,1,30,1.0,2014,2024,5.6,3.7,2.6,Season
203507,Antetokounmpo,Giannis,giannis-antetokounmpo,1610612749,bucks,0,Milwaukee,Bucks,MIL,34,F,6-11,243,Filathlitikos,Greece,2013,1,15,1.0,2013,2024,31.6,12.8,5.2,Season
1630175,Anthony,Cole,cole-anthony,1610612753,magic,0,Orlando,Magic,ORL,50,G,6-2,185,North Carolina,USA,2020,1,15,1.0,2020,2024,4.8,2.6,2.1,Season
1628384,Anunoby,OG,og-anunoby,1610612752,knicks,0,New York,Knicks,NYK,8,F-G,6-7,240,Indiana,United Kingdom,2017,1,23,1.0,2017,2024,15.6,4.4,2.7,Season
1630166,Avdija,Deni,deni-avdija,1610612757,blazers,0,Portland,Trail Blazers,POR,8,F,6-9,240,Maccabi Tel Aviv,Israel,2020,1,9,1.0,2020,2024,9.0,5.6,3.0,Season
1629028,Ayton,Deandre,deandre-ayton,1610612757,blazers,0,Portland,Trail Blazers,POR,2,C,7-0,252,Arizona,Bahamas,2018,1,1,1.0,2018,2024,13.3,10.5,1.0,Season
1628963,Bagley III,Marvin,marvin-bagley-iii,1610612764,wizards,0,Washington,Wizards,WAS,35,F,6-10,235,Duke,USA,2018,1,2,1.0,2018,2024,3.8,2.8,0.2,Season
1631116,Baldwin Jr.,Patrick,patrick-baldwin-jr,1610612764,wizards,0,Washington,Wizards,WAS,7,F,6-9,220,Wisconsin-Milwaukee,USA,2022,1,28,1.0,2022,2024,3.0,1.2,0.2,Season
1630163,Ball,LaMelo,lamelo-ball,1610612766,hornets,0,Charlotte,Hornets,CHA,1,G,6-7,180,Illawarra,USA,2020,1,3,1.0,2020,2024,29.4,4.9,6.2,Season
1628366,Ball,Lonzo,lonzo-ball,1610612741,bulls,0,Chicago,Bulls,CHI,2,G,6-6,190,UCLA,USA,2017,1,2,1.0,2017,2024,4.7,2.7,3.7,Season
1628964,Bamba,Mo,mo-bamba,1610612746,clippers,0,LA,Clippers,LAC,4,C,7-0,231,Texas,USA,2018,1,6,1.0,2018,2024,,,,Season
1631094,Banchero,Paolo,paolo-banchero,1610612753,magic,0,Orlando,Magic,ORL,5,F,6-10,250,Duke,USA,2022,1,1,1.0,2022,2024,29.0,8.8,5.6,Season
1630217,Bane,Desmond,desmond-bane,1610612763,grizzlies,0,Memphis,Grizzlies,MEM,22,G,6-5,215,TCU,USA,2020,1,30,1.0,2020,2024,18.8,5.4,2.8,Season
1630625,Banton,Dalano,dalano-banton,1610612757,blazers,0,Portland,Trail Blazers,POR,5,F,6-8,203,Nebraska,Canada,2021,2,46,1.0,2021,2024,8.6,1.3,1.7,Season
1631230,Barlow,Dominick,dominick-barlow,1610612737,hawks,0,Atlanta,Hawks,ATL,26,F,6-8,215,Overtime Elite,USA,,,,1.0,2022,2024,0.5,0.0,0.0,Season
203084,Barnes,Harrison,harrison-barnes,1610612759,spurs,0,San Antonio,Spurs,SAS,40,F,6-8,225,North Carolina,USA,2012,1,7,1.0,2012,2024,9.7,3.5,1.5,Season
1630567,Barnes,Scottie,scottie-barnes,1610612761,raptors,0,Toronto,Raptors,TOR,4,F-G,6-7,237,Florida State,USA,2021,1,4,1.0,2021,2024,19.3,7.8,6.0,Season
1629628,Barrett,RJ,rj-barrett,1610612761,raptors,0,Toronto,Raptors,TOR,9,F-G,6-6,214,Duke,Canada,2019,1,3,1.0,2019,2024,23.1,5.6,6.1,Season
1629646,Bassey,Charles,charles-bassey,1610612759,spurs,0,San Antonio,Spurs,SAS,28,C-F,6-10,230,Western Kentucky,Nigeria,2021,2,53,1.0,2021,2024,1.2,1.4,0.2,Season
1641734,Bates,Emoni,emoni-bates,1610612739,cavaliers,0,Cleveland,Cavaliers,CLE,21,F,6-8,170,Eastern Michigan,USA,2023,2,49,1.0,2023,2024,,,,Season
1642419,Battle,Jamison,jamison-battle,1610612761,raptors,0,Toronto,Raptors,TOR,77,F,6-7,220,Ohio State,USA,,,,1.0,2024,2024,5.4,2.8,0.9,Season
201587,Batum,Nicolas,nicolas-batum,1610612746,clippers,0,LA,Clippers,LAC,33,G-F,6-8,230,Le Mans,France,2008,1,25,1.0,2008,2024,3.7,2.9,2.0,Season
203078,Beal,Bradley,bradley-beal,1610612756,suns,0,Phoenix,Suns,PHX,3,G,6-4,207,Florida,USA,2012,1,3,1.0,2012,2024,17.0,4.1,3.6,Season
1627736,Beasley,Malik,malik-beasley,1610612765,pistons,0,Detroit,Pistons,DET,5,G,6-4,187,Florida State,USA,2016,1,19,1.0,2016,2024,12.1,2.1,1.6,Season
1630699,Beauchamp,MarJon,marjon-beauchamp,1610612749,bucks,0,Milwaukee,Bucks,MIL,3,F,6-7,199,NBA G League Ignite,USA,2022,1,24,1.0,2022,2024,2.1,0.9,0.1,Season
1641736,Beekman,Reece,reece-beekman,1610612744,warriors,0,Golden State,Warriors,GSW,3,G,6-3,190,Virginia,USA,,,,1.0,2024,2024,1.0,0.5,0.5,Season
1630180,Bey,Saddiq,saddiq-bey,1610612764,wizards,0,Washington,Wizards,WAS,14,G-F,6-7,215,Villanova,USA,2020,1,19,1.0,2020,2024,,,,Season
1629048,Bitadze,Goga,goga-bitadze,1610612753,magic,0,Orlando,Magic,ORL,35,C-F,6-10,250,Mega Basket,Georgia,2019,1,18,1.0,2019,2024,6.7,6.7,1.9,Season
1641710,Black,Anthony,anthony-black,1610612753,magic,0,Orlando,Magic,ORL,0,G,6-7,200,Arkansas,USA,2023,1,6,1.0,2023,2024,8.1,2.7,4.1,Season
203992,Bogdanović,Bogdan,bogdan-bogdanović,1610612737,hawks,0,Atlanta,Hawks,ATL,13,G,6-5,225,Fenerbahce,Serbia,2014,1,27,1.0,2017,2024,8.0,2.0,2.0,Season
202711,Bogdanović,Bojan,bojan-bogdanović,1610612751,nets,0,Brooklyn,Nets,BKN,44,F,6-7,226,Fenerbahce,Croatia,2011,2,31,1.0,2014,2024,,,,Season
1629626,Bol,Bol,bol-bol,1610612756,suns,0,Phoenix,Suns,PHX,11,C-F,7-3,220,Oregon,Sudan,2019,2,44,1.0,2019,2024,,,,Season
1641737,Bona,Adem,adem-bona,1610612755,sixers,0,Philadelphia,76ers,PHI,30,F,6-10,235,UCLA,Nigeria,2024,2,41,1.0,2024,2024,1.2,0.5,0.0,Season
1626164,Booker,Devin,devin-booker,1610612756,suns,0,Phoenix,Suns,PHX,1,G,6-6,206,Kentucky,USA,2015,1,13,1.0,2015,2024,23.1,3.9,7.3,Season
1630527,Boston Jr.,Brandon,brandon-boston-jr,1610612740,pelicans,0,New Orleans,Pelicans,NOP,11,G,6-6,188,Kentucky,USA,2021,2,51,1.0,2021,2024,12.7,3.0,3.0,Season
1628449,Boucher,Chris,chris-boucher,1610612761,raptors,0,Toronto,Raptors,TOR,25,F,6-9,200,Oregon,Saint Lucia,,,,1.0,2017,2024,11.5,4.3,0.8,Season
1631103,Branham,Malaki,malaki-branham,1610612759,spurs,0,San Antonio,Spurs,SAS,22,F,6-4,180,Ohio State,USA,2022,1,20,1.0,2022,2024,10.0,1.9,1.1,Season
1631128,Braun,Christian,christian-braun,1610612743,nuggets,0,Denver,Nuggets,DEN,0,G,6-6,220,Kansas,USA,2022,1,21,1.0,2022,2024,16.3,5.4,1.6,Season
1641779,Bridges,Jalen,jalen-bridges,1610612756,suns,0,Phoenix,Suns,PHX,15,F,6-8,225,Baylor,USA,,,,1.0,2024,2024,,,,Season
1628969,Bridges,Mikal,mikal-bridges,1610612752,knicks,0,New York,Knicks,NYK,25,G-F,6-6,209,Villanova,USA,2018,1,10,1.0,2018,2024,15.3,3.6,3.4,Season
1628970,Bridges,Miles,miles-bridges,1610612766,hornets,0,Charlotte,Hornets,CHA,0,F,6-7,225,Michigan State,USA,2018,1,12,1.0,2018,2024,14.6,6.8,2.5,Season
1627763,Brogdon,Malcolm,malcolm-brogdon,1610612764,wizards,0,Washington,Wizards,WAS,15,G,6-4,229,Virginia,USA,2016,2,36,1.0,2016,2024,,,,Season
1628415,Brooks,Dillon,dillon-brooks,1610612745,rockets,0,Houston,Rockets,HOU,9,G-F,6-6,225,Oregon,Canada,2017,2,45,1.0,2017,2024,12.1,3.6,0.7,Season
1628971,Brown,Bruce,bruce-brown,1610612761,raptors,0,Toronto,Raptors,TOR,11,G-F,6-4,202,Miami,USA,2018,2,42,1.0,2018,2024,,,,Season
1627759,Brown,Jaylen,jaylen-brown,1610612738,celtics,0,Boston,Celtics,BOS,7,G-F,6-6,223,California,USA,2016,1,3,1.0,2016,2024,24.0,6.9,3.9,Season
1641738,Brown,Kobe,kobe-brown,1610612746,clippers,0,LA,Clippers,LAC,21,F,6-7,250,Missouri,USA,2023,1,30,1.0,2023,2024,1.0,0.5,0.5,Season
1628973,Brunson,Jalen,jalen-brunson,1610612752,knicks,0,New York,Knicks,NYK,11,G,6-2,190,Villanova,USA,2018,2,33,1.0,2018,2024,25.0,2.9,6.6,Season
1628418,Bryant,Thomas,thomas-bryant,1610612748,heat,0,Miami,Heat,MIA,31,C-F,6-10,248,Indiana,USA,2017,2,42,1.0,2017,2024,4.1,3.6,0.6,Season
1641723,Bufkin,Kobe,kobe-bufkin,1610612737,hawks,0,Atlanta,Hawks,ATL,4,G,6-4,195,Michigan,USA,2023,1,15,1.0,2023,2024,,,,Season
1642486,Buie III,Boo,boo-buie-iii,1610612752,knicks,0,New York,Knicks,NYK,,,6-2,180,Northwestern,USA,,,,1.0,2024,2024,,,,Season
202692,Burks,Alec,alec-burks,1610612748,heat,0,Miami,Heat,MIA,18,G,6-5,214,Colorado,USA,2011,1,12,1.0,2011,2024,6.2,1.6,1.8,Season
1630215,Butler,Jared,jared-butler,1610612764,wizards,0,Washington,Wizards,WAS,4,G,6-3,193,Baylor,USA,2021,2,40,1.0,2021,2024,5.3,1.0,2.7,Season
202710,Butler,Jimmy,jimmy-butler,1610612748,heat,0,Miami,Heat,MIA,22,F,6-7,230,Marquette,USA,2011,1,30,1.0,2011,2024,16.1,4.8,4.9,Season
1641824,Buzelis,Matas,matas-buzelis,1610612741,bulls,0,Chicago,Bulls,CHI,14,F,6-10,209,NBA G League Ignite,USA,2024,1,11,1.0,2024,2024,2.2,1.9,0.3,Season
1631288,Cain,Jamal,jamal-cain,1610612740,pelicans,0,New Orleans,Pelicans,NOP,8,F,6-6,191,Oakland,USA,,,,1.0,2022,2024,3.7,1.7,0.1,Season
203484,Caldwell-Pope,Kentavious,kentavious-caldwell-pope,1610612753,magic,0,Orlando,Magic,ORL,3,G,6-5,204,Georgia,USA,2013,1,8,1.0,2013,2024,6.9,2.5,1.9,Season
1641739,Camara,Toumani,toumani-camara,1610612757,blazers,0,Portland,Trail Blazers,POR,33,F,6-7,229,Dayton,Belgium,2023,2,52,1.0,2023,2024,8.5,4.9,2.0,Season
203991,Capela,Clint,clint-capela,1610612737,hawks,0,Atlanta,Hawks,ATL,15,C,6-10,256,Elan Chalon,Switzerland,2014,1,25,1.0,2014,2024,10.5,7.2,1.1,Season
1642267,Carrington,Carlton,carlton-carrington,1610612764,wizards,0,Washington,Wizards,WAS,8,G,6-4,190,Pittsburgh,USA,2024,1,14,1.0,2024,2024,9.5,4.8,5.0,Season
1642269,Carter,Devin,devin-carter,1610612758,kings,0,Sacramento,Kings,SAC,22,G,6-2,195,Providence,USA,2024,1,13,1.0,2024,2024,,,,Season
1628975,Carter,Jevon,jevon-carter,1610612741,bulls,0,Chicago,Bulls,CHI,5,G,6-1,200,West Virginia,USA,2018,2,32,1.0,2018,2024,1.3,0.5,0.5,Season
1628976,Carter Jr.,Wendell,wendell-carter-jr,1610612753,magic,0,Orlando,Magic,ORL,34,C-F,6-10,270,Duke,USA,2018,1,7,1.0,2018,2024,8.3,8.8,2.2,Season
1630618,Carton,D.J.,dj-carton,1610612761,raptors,0,Toronto,Raptors,TOR,3,G,6-3,200,Marquette,USA,,,,1.0,2023,2024,0.8,1.0,0.8,Season
1627936,Caruso,Alex,alex-caruso,1610612760,thunder,0,Oklahoma City,Thunder,OKC,9,G,6-5,186,Texas A&M,USA,,,,1.0,2017,2024,3.4,3.0,2.5,Season
1642264,Castle,Stephon,stephon-castle,1610612759,spurs,0,San Antonio,Spurs,SAS,5,G,6-6,215,Connecticut,USA,2024,1,4,1.0,2024,2024,8.4,2.5,2.5,Season
1630658,Castleton,Colin,colin-castleton,1610612763,grizzlies,0,Memphis,Grizzlies,MEM,8,C,6-10,250,Florida,USA,,,,1.0,2023,2024,0.8,1.0,0.0,Season
1630577,Champagnie,Julian,julian-champagnie,1610612759,spurs,0,San Antonio,Spurs,SAS,30,F,6-7,217,St. John's,USA,,,,1.0,2022,2024,10.4,5.3,1.7,Season
1630551,Champagnie,Justin,justin-champagnie,1610612764,wizards,0,Washington,Wizards,WAS,9,G-F,6-6,206,Pittsburgh,USA,,,,1.0,2021,2024,0.0,2.0,1.0,Season
1642279,Chomche,Ulrich,ulrich-chomche,1610612761,raptors,0,Toronto,Raptors,TOR,22,C,6-11,235,NBA Global Academy,Cameroon,2024,2,57,1.0,2024,2024,2.0,1.0,0.0,Season
1642353,Christie,Cam,cam-christie,1610612746,clippers,0,LA,Clippers,LAC,12,G,6-6,190,Minnesota,USA,2024,2,46,1.0,2024,2024,,,,Season
1631108,Christie,Max,max-christie,1610612747,lakers,0,Los Angeles,Lakers,LAL,12,G,6-5,190,Michigan State,USA,2022,2,35,1.0,2022,2024,3.8,1.8,1.0,Season
1630528,Christopher,Josh,josh-christopher,1610612748,heat,0,Miami,Heat,MIA,8,G,6-4,215,Arizona State,USA,2021,1,24,1.0,2021,2024,,,,Season
1631321,Cissoko,Sidy,sidy-cissoko,1610612759,spurs,0,San Antonio,Spurs,SAS,25,G,6-6,200,NBA G League Ignite,France,2023,2,44,1.0,2023,2024,1.0,0.8,0.8,Season
1641740,Clark,Jaylen,jaylen-clark,1610612750,timberwolves,0,Minnesota,Timberwolves,MIN,22,G,6-4,205,UCLA,USA,2023,2,53,1.0,2023,2024,,,,Season
1629634,Clarke,Brandon,brandon-clarke,1610612763,grizzlies,0,Memphis,Grizzlies,MEM,15,F,6-8,215,Gonzaga,Canada,2019,1,21,1.0,2019,2024,5.5,3.1,0.6,Season
203903,Clarkson,Jordan,jordan-clarkson,1610612762,jazz,0,Utah,Jazz,UTA,00,G,6-3,194,Missouri,USA,2014,2,46,1.0,2014,2024,14.1,3.7,3.3,Season
1629651,Claxton,Nic,nic-claxton,1610612751,nets,0,Brooklyn,Nets,BKN,33,C,6-11,215,Georgia,USA,2019,2,31,1.0,2019,2024,8.8,7.9,2.6,Season
1642270,Clingan,Donovan,donovan-clingan,1610612757,blazers,0,Portland,Trail Blazers,POR,23,C,7-2,280,Connecticut,USA,2024,1,7,1.0,2024,2024,4.8,4.8,0.2,Season
1641730,Clowney,Noah,noah-clowney,1610612751,nets,0,Brooklyn,Nets,BKN,21,F-C,6-9,210,Alabama,USA,2023,1,21,1.0,2023,2024,5.6,3.3,0.5,Season
1629599,Coffey,Amir,amir-coffey,1610612746,clippers,0,LA,Clippers,LAC,7,G-F,6-7,210,Minnesota,USA,,,,1.0,2019,2024,9.1,2.1,0.6,Season
1642268,Collier,Isaiah,isaiah-collier,1610612762,jazz,0,Utah,Jazz,UTA,13,G,6-3,210,Southern California,USA,2024,1,29,1.0,2024,2024,3.5,3.0,2.5,Season
1628381,Collins,John,john-collins,1610612762,jazz,0,Utah,Jazz,UTA,20,F-C,6-9,226,Wake Forest,USA,2017,1,19,1.0,2017,2024,15.8,7.4,2.6,Season
1628380,Collins,Zach,zach-collins,1610612759,spurs,0,San Antonio,Spurs,SAS,23,F-C,6-11,250,Gonzaga,USA,2017,1,10,1.0,2017,2024,5.9,3.2,2.1,Season
201144,Conley,Mike,mike-conley,1610612750,timberwolves,0,Minnesota,Timberwolves,MIN,10,G,6-0,175,Ohio State,USA,2007,1,4,1.0,2007,2024,7.5,2.9,4.6,Season
1626192,Connaughton,Pat,pat-connaughton,1610612749,bucks,0,Milwaukee,Bucks,MIL,24,G,6-5,209,Notre Dame,USA,2015,2,41,1.0,2015,2024,4.2,2.3,1.8,Season
1641731,Coulibaly,Bilal,bilal-coulibaly,1610612764,wizards,0,Washington,Wizards,WAS,0,G,6-8,195,Metropolitans 92,France,2023,1,7,1.0,2023,2024,17.0,5.5,3.0,Season
1641741,Council IV,Ricky,ricky-council-iv,1610612755,sixers,0,Philadelphia,76ers,PHI,14,G,6-6,207,Arkansas,USA,,,,1.0,2023,2024,3.0,1.0,0.8,Season
1628470,Craig,Torrey,torrey-craig,1610612741,bulls,0,Chicago,Bulls,CHI,13,F,6-5,221,South Carolina Upstate,USA,,,,1.0,2017,2024,0.0,1.0,0.0,Season
1642384,Crawford,Isaiah,isaiah-crawford,1610612758,kings,0,Sacramento,Kings,SAC,24,F,6-6,220,Louisiana Tech,USA,,,,1.0,2024,2024,,,,Season
1630595,Cunningham,Cade,cade-cunningham,1610612765,pistons,0,Detroit,Pistons,DET,2,G,6-6,220,Oklahoma State,USA,2021,1,1,1.0,2021,2024,23.1,7.3,8.3,Season
203552,Curry,Seth,seth-curry,1610612766,hornets,0,Charlotte,Hornets,CHA,30,G,6-1,185,Duke,USA,,,,1.0,2013,2024,6.1,2.2,0.7,Season
201939,Curry,Stephen,stephen-curry,1610612744,warriors,0,Golden State,Warriors,GSW,30,G,6-2,185,Davidson,USA,2009,1,7,1.0,2009,2024,22.0,4.6,6.3,Season
1642359,Dadiet,Pacôme,pacôme-dadiet,1610612752,knicks,0,New York,Knicks,NYK,4,F,6-8,210,Ratiopharm Ulm,France,2024,1,25,1.0,2024,2024,1.3,1.0,0.3,Season
1630700,Daniels,Dyson,dyson-daniels,1610612737,hawks,0,Atlanta,Hawks,ATL,5,G,6-7,199,NBA G League Ignite,Australia,2022,1,8,1.0,2022,2024,12.8,4.4,2.4,Season
1642368,Dante,N'Faly,nfaly-dante,1610612745,rockets,0,Houston,Rockets,HOU,3,C,6-11,230,Oregon,Mali,,,,1.0,2024,2024,,,,Season
203076,Davis,Anthony,anthony-davis,1610612747,lakers,0,Los Angeles,Lakers,LAL,3,F-C,6-10,253,Kentucky,USA,2012,1,1,1.0,2012,2024,31.2,10.4,2.8,Season
1631098,Davis,Johnny,johnny-davis,1610612764,wizards,0,Washington,Wizards,WAS,1,G,6-4,195,Wisconsin,USA,2022,1,10,1.0,2022,2024,3.1,1.4,0.3,Season
1631120,Davison,JD,jd-davison,1610612738,celtics,0,Boston,Celtics,BOS,20,G,6-1,195,Alabama,USA,2022,2,53,1.0,2022,2024,1.0,0.3,0.3,Season
201942,DeRozan,DeMar,demar-derozan,1610612758,kings,0,Sacramento,Kings,SAC,10,G-F,6-6,220,Southern California,USA,2009,1,9,1.0,2009,2024,25.2,3.6,4.0,Season
1628978,DiVincenzo,Donte,donte-divincenzo,1610612750,timberwolves,0,Minnesota,Timberwolves,MIN,0,G,6-4,203,Villanova,USA,2018,1,17,1.0,2018,2024,10.8,3.6,3.7,Season
1631217,Diabaté,Moussa,moussa-diabaté,1610612766,hornets,0,Charlotte,Hornets,CHA,14,F,6-9,210,Michigan,France,2022,2,43,1.0,2022,2024,2.7,6.2,0.4,Season
1641711,Dick,Gradey,gradey-dick,1610612761,raptors,0,Toronto,Raptors,TOR,1,G-F,6-6,200,Kansas,USA,2023,1,13,1.0,2023,2024,19.0,2.4,2.3,Season
1631172,Dieng,Ousmane,ousmane-dieng,1610612760,thunder,0,Oklahoma City,Thunder,OKC,13,F,6-9,185,New Zealand Breakers,France,2022,1,11,1.0,2022,2024,4.4,3.2,1.0,Season
1642265,Dillingham,Rob,rob-dillingham,1610612750,timberwolves,0,Minnesota,Timberwolves,MIN,4,G,6-3,175,Kentucky,USA,2024,1,8,1.0,2024,2024,2.8,0.8,1.8,Season
203915,Dinwiddie,Spencer,spencer-dinwiddie,1610612742,mavericks,0,Dallas,Mavericks,DAL,26,G,6-5,215,Colorado,USA,2014,2,38,1.0,2014,2024,4.8,1.1,2.1,Season
1629029,Dončić,Luka,luka-dončić,1610612742,mavericks,0,Dallas,Mavericks,DAL,77,F-G,6-6,230,Real Madrid,Slovenia,2018,1,3,1.0,2018,2024,28.3,8.1,8.1,Season
1629652,Dort,Luguentz,luguentz-dort,1610612760,thunder,0,Oklahoma City,Thunder,OKC,5,G,6-4,220,Arizona State,Canada,,,,1.0,2019,2024,10.8,3.6,1.6,Season
1630245,Dosunmu,Ayo,ayo-dosunmu,1610612741,bulls,0,Chicago,Bulls,CHI,11,G,6-5,200,Illinois,USA,2021,2,38,1.0,2021,2024,10.8,4.8,4.0,Season
1630288,Dowtin Jr.,Jeff,jeff-dowtin-jr,1610612755,sixers,0,Philadelphia,76ers,PHI,11,G,6-3,177,Rhode Island,USA,,,,1.0,2021,2024,3.3,0.5,0.3,Season
1628408,Dozier,PJ,pj-dozier,1610612750,timberwolves,0,Minnesota,Timberwolves,MIN,35,G-F,6-6,205,South Carolina,USA,,,,1.0,2017,2024,1.0,0.8,0.5,Season
203083,Drummond,Andre,andre-drummond,1610612755,sixers,0,Philadelphia,76ers,PHI,5,C,6-11,279,Connecticut,USA,2012,1,9,1.0,2012,2024,9.7,10.7,0.4,Season
1630537,Duarte,Chris,chris-duarte,1610612741,bulls,0,Chicago,Bulls,CHI,27,G,6-5,190,Oregon,Dominican Republic,2021,1,13,1.0,2021,2024,3.3,0.5,0.5,Season
1642505,Ducas,Alex,alex-ducas,1610612760,thunder,0,Oklahoma City,Thunder,OKC,88,G,6-7,220,Mount Saint Mary's,USA,,,,1.0,2024,2024,0.0,0.0,0.0,Season
1630561,Duke Jr.,David,david-duke-jr,1610612759,spurs,0,San Antonio,Spurs,SAS,7,G,6-4,204,Providence,USA,,,,1.0,2021,2024,3.0,0.0,2.0,Season
1627739,Dunn,Kris,kris-dunn,1610612746,clippers,0,LA,Clippers,LAC,8,G,6-3,205,Providence,USA,2016,1,5,1.0,2016,2024,6.7,3.9,2.2,Season
1642346,Dunn,Ryan,ryan-dunn,1610612756,suns,0,Phoenix,Suns,PHX,0,F,6-8,216,Virginia,USA,2024,1,28,1.0,2024,2024,6.9,2.2,0.8,Season
201142,Durant,Kevin,kevin-durant,1610612756,suns,0,Phoenix,Suns,PHX,35,F,6-11,240,Texas,USA,2007,1,2,1.0,2007,2024,27.6,6.6,3.4,Season
1631105,Duren,Jalen,jalen-duren,1610612765,pistons,0,Detroit,Pistons,DET,0,C,6-10,250,Memphis,USA,2022,1,13,1.0,2022,2024,8.0,9.7,2.4,Season
1631106,Eason,Tari,tari-eason,1610612745,rockets,0,Houston,Rockets,HOU,17,F,6-8,215,Louisiana State,USA,2022,1,17,1.0,2022,2024,11.8,5.1,1.2,Season
1641744,Edey,Zach,zach-edey,1610612763,grizzlies,0,Memphis,Grizzlies,MEM,14,C,7-4,305,Purdue,Canada,2024,1,9,1.0,2024,2024,11.2,6.6,0.7,Season
1630162,Edwards,Anthony,anthony-edwards,1610612750,timberwolves,0,Minnesota,Timberwolves,MIN,5,G,6-4,225,Georgia,USA,2020,1,1,1.0,2020,2024,28.3,5.8,3.8,Season
1642399,Edwards,Jesse,jesse-edwards,1610612750,timberwolves,0,Minnesota,Timberwolves,MIN,14,C,7-0,236,West Virginia,Netherlands,,,,1.0,2024,2024,,,,Season
1642348,Edwards,Justin,justin-edwards,1610612755,sixers,0,Philadelphia,76ers,PHI,19,F,6-7,203,Kentucky,USA,,,,1.0,2024,2024,,,,Season
1630556,Edwards,Kessler,kessler-edwards,1610612742,mavericks,0,Dallas,Mavericks,DAL,20,F,6-7,203,Pepperdine,USA,2021,2,44,1.0,2021,2024,0.0,0.0,0.0,Season
1631165,Ellis,Keon,keon-ellis,1610612758,kings,0,Sacramento,Kings,SAC,23,G,6-4,175,Alabama,USA,,,,1.0,2022,2024,6.0,2.0,1.0,Season
203954,Embiid,Joel,joel-embiid,1610612755,sixers,0,Philadelphia,76ers,PHI,21,C-F,7-0,280,Kansas,Cameroon,2014,1,3,1.0,2014,2024,,,,Season
1629234,Eubanks,Drew,drew-eubanks,1610612762,jazz,0,Utah,Jazz,UTA,15,F-C,6-10,245,Oregon State,USA,,,,1.0,2018,2024,3.8,4.2,1.3,Season
203957,Exum,Danté,danté-exum,1610612742,mavericks,0,Dallas,Mavericks,DAL,0,G,6-5,214,Australian Institute of Sport,Australia,2014,1,5,1.0,2014,2024,,,,Season
1628981,Fernando,Bruno,bruno-fernando,1610612761,raptors,0,Toronto,Raptors,TOR,24,F-C,6-9,240,Maryland,Angola,2019,2,34,1.0,2019,2024,3.0,2.5,0.9,Season
1642271,Filipowski,Kyle,kyle-filipowski,1610612762,jazz,0,Utah,Jazz,UTA,22,C,6-11,250,Duke,USA,2024,2,32,1.0,2024,2024,5.1,3.8,1.6,Season
1627827,Finney-Smith,Dorian,dorian-finney-smith,1610612751,nets,0,Brooklyn,Nets,BKN,28,F,6-7,220,Florida,USA,,,,1.0,2016,2024,10.0,5.0,1.6,Season
1641745,Flagler,Adam,adam-flagler,1610612760,thunder,0,Oklahoma City,Thunder,OKC,14,G,6-3,180,Baylor,USA,,,,1.0,2023,2024,1.5,0.3,0.0,Season
1642280,Flowers,Trentyn,trentyn-flowers,1610612746,clippers,0,LA,Clippers,LAC,9,F,6-9,185,Adelaide,USA,,,,1.0,2024,2024,,,,Season
1631323,Fontecchio,Simone,simone-fontecchio,1610612765,pistons,0,Detroit,Pistons,DET,19,F,6-7,209,Baskonia,Italy,,,,1.0,2022,2024,6.0,3.7,0.7,Season
1628368,Fox,De'Aaron,deaaron-fox,1610612758,kings,0,Sacramento,Kings,SAC,5,G,6-3,185,Kentucky,USA,2017,1,5,1.0,2017,2024,24.2,5.2,4.9,Season
1642402,Freeman,Enrique,enrique-freeman,1610612754,pacers,0,Indiana,Pacers,IND,8,F,6-7,206,Akron,USA,2024,2,50,1.0,2024,2024,1.0,0.5,0.5,Season
1642277,Furphy,Johnny,johnny-furphy,1610612754,pacers,0,Indiana,Pacers,IND,12,G,6-9,200,Kansas,Australia,2024,2,35,1.0,2024,2024,0.0,0.7,0.0,Season
1629655,Gafford,Daniel,daniel-gafford,1610612742,mavericks,0,Dallas,Mavericks,DAL,21,F-C,6-10,265,Arkansas,USA,2019,2,38,1.0,2019,2024,11.9,6.1,1.2,Season
1629636,Garland,Darius,darius-garland,1610612739,cavaliers,0,Cleveland,Cavaliers,CLE,10,G,6-1,192,Vanderbilt,USA,2019,1,5,1.0,2019,2024,20.5,1.9,6.6,Season
1630568,Garza,Luka,luka-garza,1610612750,timberwolves,0,Minnesota,Timberwolves,MIN,55,C,6-10,243,Iowa,USA,2021,2,52,1.0,2021,2024,2.0,1.3,0.0,Season
1641718,George,Keyonte,keyonte-george,1610612762,jazz,0,Utah,Jazz,UTA,3,G,6-4,185,Baylor,USA,2023,1,16,1.0,2023,2024,15.6,2.9,6.4,Season
1642273,George,Kyshawn,kyshawn-george,1610612764,wizards,0,Washington,Wizards,WAS,18,F,6-8,200,Miami,Switzerland,2024,1,24,1.0,2024,2024,9.8,4.8,2.5,Season
202331,George,Paul,paul-george,1610612755,sixers,0,Philadelphia,76ers,PHI,8,F,6-8,220,Fresno State,USA,2010,1,10,1.0,2010,2024,14.3,4.8,5.8,Season
201959,Gibson,Taj,taj-gibson,1610612766,hornets,0,Charlotte,Hornets,CHA,67,F,6-9,232,Southern California,USA,2009,1,26,1.0,2009,2024,3.8,4.2,0.2,Season
1630581,Giddey,Josh,josh-giddey,1610612741,bulls,0,Chicago,Bulls,CHI,3,G,6-8,216,NBA Global Academy,Australia,2021,1,6,1.0,2021,2024,13.5,6.5,7.0,Season
1628983,Gilgeous-Alexander,Shai,shai-gilgeous-alexander,1610612760,thunder,0,Oklahoma City,Thunder,OKC,2,G,6-6,195,Kentucky,Canada,2018,1,11,1.0,2018,2024,26.1,5.8,6.2,Season
1630264,Gill,Anthony,anthony-gill,1610612764,wizards,0,Washington,Wizards,WAS,16,F,6-8,230,Virginia,USA,,,,1.0,2020,2024,1.3,0.7,0.5,Season
1631221,Gillespie,Collin,collin-gillespie,1610612756,suns,0,Phoenix,Suns,PHX,12,G,6-1,195,Villanova,USA,,,,1.0,2022,2024,3.0,0.0,0.0,Season
203497,Gobert,Rudy,rudy-gobert,1610612750,timberwolves,0,Minnesota,Timberwolves,MIN,27,C,7-1,258,Cholet,France,2013,1,27,1.0,2013,2024,10.9,10.7,1.9,Season
203932,Gordon,Aaron,aaron-gordon,1610612743,nuggets,0,Denver,Nuggets,DEN,32,F,6-8,235,Arizona,USA,2014,1,4,1.0,2014,2024,15.4,6.7,3.1,Season
201569,Gordon,Eric,eric-gordon,1610612755,sixers,0,Philadelphia,76ers,PHI,23,G,6-3,215,Indiana,USA,2008,1,7,1.0,2008,2024,6.1,0.8,1.5,Season
1641789,Gortman,Jazian,jazian-gortman,1610612742,mavericks,0,Dallas,Mavericks,DAL,00,G,6-2,184,Overtime Elite,USA,,,,1.0,2024,2024,1.5,0.0,0.0,Season
203924,Grant,Jerami,jerami-grant,1610612757,blazers,0,Portland,Trail Blazers,POR,9,F,6-7,210,Syracuse,USA,2014,2,39,1.0,2014,2024,18.1,3.8,1.7,Season
1631260,Green,AJ,aj-green,1610612749,bucks,0,Milwaukee,Bucks,MIL,20,G,6-4,190,Northern Iowa,USA,,,,1.0,2022,2024,7.9,1.2,0.7,Season
203110,Green,Draymond,draymond-green,1610612744,warriors,0,Golden State,Warriors,GSW,23,F,6-6,230,Michigan State,USA,2012,2,35,1.0,2012,2024,8.5,5.1,5.1,Season
1630224,Green,Jalen,jalen-green,1610612745,rockets,0,Houston,Rockets,HOU,4,G,6-4,186,NBA G League Ignite,USA,2021,1,2,1.0,2021,2024,21.0,4.6,3.0,Season
1629750,Green,Javonte,javonte-green,1610612740,pelicans,0,New Orleans,Pelicans,NOP,4,G,6-5,205,Radford,USA,,,,1.0,2019,2024,5.1,3.0,0.6,Season
201145,Green,Jeff,jeff-green,1610612745,rockets,0,Houston,Rockets,HOU,32,F,6-8,235,Georgetown,USA,2007,1,5,1.0,2007,2024,2.7,0.3,0.3,Season
1630182,Green,Josh,josh-green,1610612766,hornets,0,Charlotte,Hornets,CHA,10,G,6-5,200,Arizona,Australia,2020,1,18,1.0,2020,2024,5.1,1.4,1.1,Season
1629656,Grimes,Quentin,quentin-grimes,1610612742,mavericks,0,Dallas,Mavericks,DAL,5,G,6-4,210,Houston,USA,2021,1,25,1.0,2021,2024,3.3,2.1,0.3,Season
1631243,Gueye,Mouhamed,mouhamed-gueye,1610612737,hawks,0,Atlanta,Hawks,ATL,18,F,6-10,210,Washington State,Senegal,2023,2,39,1.0,2023,2024,1.0,1.0,0.0,Season
1629060,Hachimura,Rui,rui-hachimura,1610612747,lakers,0,Los Angeles,Lakers,LAL,28,F,6-8,230,Gonzaga,Japan,2019,1,9,1.0,2019,2024,12.0,6.0,1.3,Season
1630169,Haliburton,Tyrese,tyrese-haliburton,1610612754,pacers,0,Indiana,Pacers,IND,0,G,6-5,185,Iowa State,USA,2020,1,12,1.0,2020,2024,16.7,4.3,8.3,Season
1641790,Hall,PJ,pj-hall,1610612743,nuggets,0,Denver,Nuggets,DEN,13,C,6-10,245,Clemson,USA,,,,1.0,2024,2024,,,,Season
203501,Hardaway Jr.,Tim,tim-hardaway-jr,1610612765,pistons,0,Detroit,Pistons,DET,8,G-F,6-5,205,Michigan,USA,2013,1,24,1.0,2013,2024,12.6,1.7,2.1,Season
201935,Harden,James,james-harden,1610612746,clippers,0,LA,Clippers,LAC,1,G,6-5,220,Arizona State,USA,2009,1,3,1.0,2009,2024,21.2,8.1,9.0,Season
1630702,Hardy,Jaden,jaden-hardy,1610612742,mavericks,0,Dallas,Mavericks,DAL,1,G,6-3,198,NBA G League Ignite,USA,2022,2,37,1.0,2022,2024,3.4,0.9,1.0,Season
203914,Harris,Gary,gary-harris,1610612753,magic,0,Orlando,Magic,ORL,14,G,6-4,210,Michigan State,USA,2014,1,19,1.0,2014,2024,4.6,1.4,0.5,Season
202699,Harris,Tobias,tobias-harris,1610612765,pistons,0,Detroit,Pistons,DET,12,F,6-8,226,Tennessee,USA,2011,1,19,1.0,2011,2024,13.5,7.5,2.4,Season
1628404,Hart,Josh,josh-hart,1610612752,knicks,0,New York,Knicks,NYK,3,G,6-4,215,Villanova,USA,2017,1,30,1.0,2017,2024,13.8,9.0,5.1,Season
1628392,Hartenstein,Isaiah,isaiah-hartenstein,1610612760,thunder,0,Oklahoma City,Thunder,OKC,55,C-F,7-0,250,Zalgiris,Germany,2017,2,43,1.0,2018,2024,,,,Season
1630573,Hauser,Sam,sam-hauser,1610612738,celtics,0,Boston,Celtics,BOS,30,F,6-7,217,Virginia,USA,,,,1.0,2021,2024,7.0,3.9,1.4,Season
1641722,Hawkins,Jordan,jordan-hawkins,1610612740,pelicans,0,New Orleans,Pelicans,NOP,24,G,6-5,190,Connecticut,USA,2023,1,14,1.0,2023,2024,16.3,4.5,1.4,Season
1629637,Hayes,Jaxson,jaxson-hayes,1610612747,lakers,0,Los Angeles,Lakers,LAL,11,C-F,7-0,220,Texas,USA,2019,1,8,1.0,2019,2024,6.3,4.6,0.9,Season
1630703,Henderson,Scoot,scoot-henderson,1610612757,blazers,0,Portland,Trail Blazers,POR,00,G,6-3,206,NBA G League Ignite,USA,2023,1,3,1.0,2023,2024,11.8,2.9,4.8,Season
1641707,Hendricks,Taylor,taylor-hendricks,1610612762,jazz,0,Utah,Jazz,UTA,0,F,6-9,215,Central Florida,USA,2023,1,9,1.0,2023,2024,4.7,5.0,0.7,Season
1629639,Herro,Tyler,tyler-herro,1610612748,heat,0,Miami,Heat,MIA,14,G,6-5,195,Kentucky,USA,2019,1,13,1.0,2019,2024,23.2,5.2,5.0,Season
1627741,Hield,Buddy,buddy-hield,1610612744,warriors,0,Golden State,Warriors,GSW,7,G,6-4,220,Oklahoma,Bahamas,2016,1,6,1.0,2016,2024,18.0,4.3,2.1,Season
1629312,Highsmith,Haywood,haywood-highsmith,1610612748,heat,0,Miami,Heat,MIA,24,F,6-5,220,Wheeling Jesuit,USA,2018,,,1.0,2018,2024,7.7,3.0,0.7,Season
1628988,Holiday,Aaron,aaron-holiday,1610612745,rockets,0,Houston,Rockets,HOU,0,G,6-0,185,UCLA,USA,2018,1,23,1.0,2018,2024,2.3,0.5,1.8,Season
201950,Holiday,Jrue,jrue-holiday,1610612738,celtics,0,Boston,Celtics,BOS,4,G,6-4,205,UCLA,USA,2009,1,17,1.0,2009,2024,12.9,3.8,3.7,Season
1641842,Holland II,Ronald,ronald-holland-ii,1610612765,pistons,0,Detroit,Pistons,DET,00,F,6-8,206,NBA G League Ignite,USA,2024,1,5,1.0,2024,2024,5.9,2.5,0.4,Season
1626158,Holmes,Richaun,richaun-holmes,1610612764,wizards,0,Washington,Wizards,WAS,22,F,6-9,235,Bowling Green,USA,2015,2,37,1.0,2015,2024,3.0,1.0,0.0,Season
1641747,Holmes II,DaRon,daron-holmes-ii,1610612743,nuggets,0,Denver,Nuggets,DEN,14,F,6-10,225,Dayton,USA,2024,1,22,1.0,2024,2024,,,,Season
1631096,Holmgren,Chet,chet-holmgren,1610612760,thunder,0,Oklahoma City,Thunder,OKC,7,C-F,7-1,208,Gonzaga,USA,2022,1,2,1.0,2022,2024,16.4,8.7,2.0,Season
1641720,Hood-Schifino,Jalen,jalen-hood-schifino,1610612747,lakers,0,Los Angeles,Lakers,LAL,0,G,6-5,215,Indiana,USA,2023,1,17,1.0,2023,2024,0.0,0.0,0.0,Season
201143,Horford,Al,al-horford,1610612738,celtics,0,Boston,Celtics,BOS,42,C-F,6-9,240,Florida,Dominican Republic,2007,1,3,1.0,2007,2024,8.7,5.7,2.4,Season
1629659,Horton-Tucker,Talen,talen-horton-tucker,1610612741,bulls,0,Chicago,Bulls,CHI,22,G,6-4,234,Iowa State,USA,2019,2,46,1.0,2019,2024,5.1,2.4,1.7,Season
1631216,Houstan,Caleb,caleb-houstan,1610612753,magic,0,Orlando,Magic,ORL,2,G,6-8,205,Michigan,Canada,2022,2,32,1.0,2022,2024,1.1,0.7,0.0,Season
1641724,Howard,Jett,jett-howard,1610612753,magic,0,Orlando,Magic,ORL,13,G,6-6,215,Michigan,USA,2023,1,11,1.0,2023,2024,4.3,1.0,0.1,Season
1628989,Huerter,Kevin,kevin-huerter,1610612758,kings,0,Sacramento,Kings,SAC,9,G-F,6-7,198,Maryland,USA,2018,1,19,1.0,2018,2024,11.3,3.4,2.0,Season
1630643,Huff,Jay,jay-huff,1610612763,grizzlies,0,Memphis,Grizzlies,MEM,30,C,7-1,240,Virginia,USA,,,,1.0,2021,2024,10.4,2.7,0.8,Season
1630574,Hukporti,Ariel,ariel-hukporti,1610612752,knicks,0,New York,Knicks,NYK,55,C,6-11,246,MHP Riesen,Germany,2024,2,58,1.0,2024,2024,0.0,1.8,0.0,Season
1629631,Hunter,De'Andre,deandre-hunter,1610612737,hawks,0,Atlanta,Hawks,ATL,12,F-G,6-8,221,Virginia,USA,2019,1,4,1.0,2019,2024,18.0,6.5,2.0,Season
1630538,Hyland,Bones,bones-hyland,1610612746,clippers,0,LA,Clippers,LAC,5,G,6-2,169,Virginia Commonwealth,USA,2021,1,26,1.0,2021,2024,2.5,0.5,0.0,Season
1642345,Ighodaro,Oso,oso-ighodaro,1610612756,suns,0,Phoenix,Suns,PHX,4,F,7-0,235,Marquette,USA,2024,2,40,1.0,2024,2024,1.8,2.2,0.2,Season
204060,Ingles,Joe,joe-ingles,1610612750,timberwolves,0,Minnesota,Timberwolves,MIN,7,F-G,6-8,220,Maccabi Tel Aviv,Australia,,,,1.0,2014,2024,0.0,0.4,1.6,Season
1627742,Ingram,Brandon,brandon-ingram,1610612740,pelicans,0,New Orleans,Pelicans,NOP,14,F,6-8,190,Duke,USA,2016,1,2,1.0,2016,2024,22.8,6.0,4.6,Season
1631127,Ingram,Harrison,harrison-ingram,1610612759,spurs,0,San Antonio,Spurs,SAS,55,F,6-5,230,North Carolina,USA,2024,2,48,1.0,2024,2024,0.0,1.0,0.0,Season
202681,Irving,Kyrie,kyrie-irving,1610612742,mavericks,0,Dallas,Mavericks,DAL,11,G,6-2,195,Duke,Australia,2011,1,1,1.0,2011,2024,25.6,4.8,4.8,Season
1628371,Isaac,Jonathan,jonathan-isaac,1610612753,magic,0,Orlando,Magic,ORL,1,F,6-10,230,Florida State,USA,2017,1,6,1.0,2017,2024,5.9,3.6,0.3,Season
1631093,Ivey,Jaden,jaden-ivey,1610612765,pistons,0,Detroit,Pistons,DET,23,G,6-4,195,Purdue,USA,2022,1,5,1.0,2022,2024,18.5,4.5,3.5,Season
1641713,Jackson,GG,gg-jackson,1610612763,grizzlies,0,Memphis,Grizzlies,MEM,45,F,6-9,210,South Carolina,USA,2023,2,45,1.0,2023,2024,,,,Season
1630543,Jackson,Isaiah,isaiah-jackson,1610612754,pacers,0,Indiana,Pacers,IND,22,F,6-9,205,Kentucky,USA,2021,1,22,1.0,2021,2024,7.0,5.6,1.0,Season
1631245,Jackson,Quenton,quenton-jackson,1610612754,pacers,0,Indiana,Pacers,IND,29,G,6-5,173,Texas A&M,USA,,,,1.0,2022,2024,4.3,1.3,1.7,Season
202704,Jackson,Reggie,reggie-jackson,1610612755,sixers,0,Philadelphia,76ers,PHI,00,G,6-2,208,Boston College,USA,2011,1,24,1.0,2011,2024,1.5,0.5,1.8,Season
1641748,Jackson Jr.,Andre,andre-jackson-jr,1610612749,bucks,0,Milwaukee,Bucks,MIL,44,G,6-6,209,Connecticut,USA,2023,2,36,1.0,2023,2024,3.0,2.4,1.6,Season
1628991,Jackson Jr.,Jaren,jaren-jackson-jr,1610612763,grizzlies,0,Memphis,Grizzlies,MEM,13,F-C,6-10,242,Michigan State,USA,2018,1,4,1.0,2018,2024,21.8,5.4,1.0,Season
1631218,Jackson-Davis,Trayce,trayce-jackson-davis,1610612744,warriors,0,Golden State,Warriors,GSW,32,F,6-9,245,Indiana,USA,2023,2,57,1.0,2023,2024,7.9,4.3,2.3,Season
1642355,James,Bronny,bronny-james,1610612747,lakers,0,Los Angeles,Lakers,LAL,9,G,6-2,210,Southern California,USA,2024,2,55,1.0,2024,2024,0.7,0.2,0.3,Season
2544,James,LeBron,lebron-james,1610612747,lakers,0,Los Angeles,Lakers,LAL,23,F,6-9,250,St. Vincent-St. Mary HS (OH),USA,2003,1,1,1.0,2003,2024,23.2,7.7,8.9,Season
1631170,Jaquez Jr.,Jaime,jaime-jaquez-jr,1610612748,heat,0,Miami,Heat,MIA,11,G,6-6,225,UCLA,USA,2023,1,18,1.0,2023,2024,9.0,7.2,2.2,Season
1629610,Jeffries,DaQuan,daquan-jeffries,1610612766,hornets,0,Charlotte,Hornets,CHA,3,G-F,6-5,222,Tulsa,USA,,,,1.0,2019,2024,,,,Season
1641998,Jemison III,Trey,trey-jemison-iii,1610612740,pelicans,0,New Orleans,Pelicans,NOP,55,C,6-10,260,Alabama-Birmingham,USA,,,,1.0,2023,2024,1.0,2.3,0.3,Season
1642450,Jenkins,Daniss,daniss-jenkins,1610612765,pistons,0,Detroit,Pistons,DET,24,G,6-3,165,St. John's,USA,,,,1.0,2024,2024,0.0,0.0,0.0,Season
1629660,Jerome,Ty,ty-jerome,1610612739,cavaliers,0,Cleveland,Cavaliers,CLE,2,G-F,6-5,195,Virginia,USA,2019,1,24,1.0,2019,2024,10.0,1.9,3.3,Season
1630198,Joe,Isaiah,isaiah-joe,1610612760,thunder,0,Oklahoma City,Thunder,OKC,11,G,6-3,165,Arkansas,USA,2020,2,49,1.0,2020,2024,9.7,3.1,1.5,Season
1642358,Johnson,AJ,aj-johnson,1610612749,bucks,0,Milwaukee,Bucks,MIL,77,G,6-5,160,Illawarra,USA,2024,1,23,1.0,2024,2024,0.7,0.3,0.0,Season
1629661,Johnson,Cameron,cameron-johnson,1610612751,nets,0,Brooklyn,Nets,BKN,2,F,6-8,210,North Carolina,USA,2019,1,11,1.0,2019,2024,17.4,4.4,2.9,Season
1630552,Johnson,Jalen,jalen-johnson,1610612737,hawks,0,Atlanta,Hawks,ATL,1,F,6-8,219,Duke,USA,2021,1,20,1.0,2021,2024,19.1,10.0,4.9,Season
201949,Johnson,James,james-johnson,1610612754,pacers,0,Indiana,Pacers,IND,16,F,6-7,240,Wake Forest,USA,2009,1,16,1.0,2009,2024,1.0,0.0,0.5,Season
1629640,Johnson,Keldon,keldon-johnson,1610612759,spurs,0,San Antonio,Spurs,SAS,0,F-G,6-5,220,Kentucky,USA,2019,1,29,1.0,2019,2024,12.7,6.0,1.4,Season
1630553,Johnson,Keon,keon-johnson,1610612751,nets,0,Brooklyn,Nets,BKN,45,G,6-5,185,Tennessee,USA,2021,1,21,1.0,2021,2024,4.2,2.7,0.9,Season
1642352,Johnson,Keshad,keshad-johnson,1610612748,heat,0,Miami,Heat,MIA,16,F,6-7,225,Arizona,USA,,,,1.0,2024,2024,,,,Season
203999,Jokić,Nikola,nikola-jokić,1610612743,nuggets,0,Denver,Nuggets,DEN,15,C,6-11,284,Mega Basket,Serbia,2014,2,41,1.0,2015,2024,29.7,13.7,11.7,Season
1641732,Jones,Colby,colby-jones,1610612758,kings,0,Sacramento,Kings,SAC,20,G,6-6,207,Xavier,USA,2023,2,34,1.0,2023,2024,0.0,0.0,0.0,Season
1641794,Jones,Dillon,dillon-jones,1610612760,thunder,0,Oklahoma City,Thunder,OKC,3,F,6-5,235,Weber State,USA,2024,1,26,1.0,2024,2024,1.8,1.7,0.6,Season
1630529,Jones,Herbert,herbert-jones,1610612740,pelicans,0,New Orleans,Pelicans,NOP,2,F,6-7,206,Alabama,USA,2021,2,35,1.0,2021,2024,6.8,2.5,1.0,Season
1642403,Jones,Isaac,isaac-jones,1610612758,kings,0,Sacramento,Kings,SAC,17,F,6-9,245,Washington State,USA,,,,1.0,2024,2024,0.0,0.0,0.0,Season
1630539,Jones,Kai,kai-jones,1610612746,clippers,0,LA,Clippers,LAC,23,C-F,6-11,221,Texas,Bahamas,2021,1,19,1.0,2021,2024,2.1,1.9,0.3,Season
1630222,Jones,Mason,mason-jones,1610612758,kings,0,Sacramento,Kings,SAC,8,G,6-4,200,Arkansas,USA,,,,1.0,2020,2024,,,,Season
1642461,Jones,Spencer,spencer-jones,1610612743,nuggets,0,Denver,Nuggets,DEN,21,F,6-7,225,Stanford,USA,,,,1.0,2024,2024,0.0,1.0,0.0,Season
1630200,Jones,Tre,tre-jones,1610612759,spurs,0,San Antonio,Spurs,SAS,33,G,6-1,185,Duke,USA,2020,2,41,1.0,2020,2024,3.0,1.0,3.0,Season
1626145,Jones,Tyus,tyus-jones,1610612756,suns,0,Phoenix,Suns,PHX,21,G,6-1,196,Duke,USA,2015,1,24,1.0,2015,2024,11.0,3.0,6.3,Season
1627884,Jones Jr.,Derrick,derrick-jones-jr,1610612746,clippers,0,LA,Clippers,LAC,55,F,6-6,210,UNLV,USA,,,,1.0,2016,2024,10.3,3.4,1.0,Season
201599,Jordan,DeAndre,deandre-jordan,1610612743,nuggets,0,Denver,Nuggets,DEN,6,C,6-11,265,Texas A&M,USA,2008,2,35,1.0,2008,2024,4.0,6.5,1.0,Season
202709,Joseph,Cory,cory-joseph,1610612753,magic,0,Orlando,Magic,ORL,10,G,6-2,200,Texas,Canada,2011,1,29,1.0,2011,2024,1.7,0.7,0.7,Season
1631107,Jović,Nikola,nikola-jović,1610612748,heat,0,Miami,Heat,MIA,5,F,6-10,205,Mega Basket,Serbia,2022,1,27,1.0,2022,2024,8.7,4.2,1.4,Season
1630548,Juzang,Johnny,johnny-juzang,1610612762,jazz,0,Utah,Jazz,UTA,33,G,6-5,209,UCLA,USA,,,,1.0,2022,2024,7.8,1.7,0.7,Season
1642530,Kawamura,Yuki,yuki-kawamura,1610612763,grizzlies,0,Memphis,Grizzlies,MEM,17,G,5-8,159,-,Japan,,,,1.0,2024,2024,1.0,0.3,0.8,Season
1628379,Kennard,Luke,luke-kennard,1610612763,grizzlies,0,Memphis,Grizzlies,MEM,10,G,6-5,206,Duke,USA,2017,1,12,1.0,2017,2024,6.7,2.3,5.3,Season
1631117,Kessler,Walker,walker-kessler,1610612762,jazz,0,Utah,Jazz,UTA,24,C,7-0,245,Auburn,USA,2022,1,22,1.0,2022,2024,9.2,10.7,1.0,Season
1630557,Kispert,Corey,corey-kispert,1610612764,wizards,0,Washington,Wizards,WAS,24,F,6-6,224,Gonzaga,USA,2021,1,15,1.0,2021,2024,9.6,3.1,1.6,Season
1628467,Kleber,Maxi,maxi-kleber,1610612742,mavericks,0,Dallas,Mavericks,DAL,42,F,6-10,240,Bayern Munich,Germany,,,,1.0,2017,2024,2.5,2.5,1.5,Season
1641752,Klintman,Bobi,bobi-klintman,1610612765,pistons,0,Detroit,Pistons,DET,34,F,6-9,225,Cairns,Sweden,2024,2,37,1.0,2024,2024,,,,Season
1642261,Knecht,Dalton,dalton-knecht,1610612747,lakers,0,Los Angeles,Lakers,LAL,4,F,6-6,215,Tennessee,USA,2024,1,17,1.0,2024,2024,6.1,1.8,1.1,Season
1642278,Kolek,Tyler,tyler-kolek,1610612752,knicks,0,New York,Knicks,NYK,13,G,6-3,195,Marquette,USA,2024,2,34,1.0,2024,2024,4.0,0.7,0.4,Season
1631132,Koloko,Christian,christian-koloko,1610612747,lakers,0,Los Angeles,Lakers,LAL,10,C,7-0,230,Arizona,Cameroon,2022,2,33,1.0,2022,2024,1.0,1.5,0.5,Season
1629723,Konchar,John,john-konchar,1610612763,grizzlies,0,Memphis,Grizzlies,MEM,46,G,6-5,210,Indiana-Purdue Fort Wayne,USA,,,,1.0,2019,2024,3.8,4.4,1.2,Season
1628436,Kornet,Luke,luke-kornet,1610612738,celtics,0,Boston,Celtics,BOS,40,C-F,7-1,250,Vanderbilt,USA,,,,1.0,2017,2024,4.4,4.0,1.4,Season
1630249,Krejčí,Vít,vít-krejčí,1610612737,hawks,0,Atlanta,Hawks,ATL,27,G,6-8,195,Zaragoza,Czech Republic,2020,2,37,1.0,2021,2024,4.5,1.3,1.0,Season
1630228,Kuminga,Jonathan,jonathan-kuminga,1610612744,warriors,0,Golden State,Warriors,GSW,00,F,6-7,225,NBA G League Ignite,DRC,2021,1,7,1.0,2021,2024,14.6,4.3,1.8,Season
1628398,Kuzma,Kyle,kyle-kuzma,1610612764,wizards,0,Washington,Wizards,WAS,33,F,6-9,221,Utah,USA,2017,1,27,1.0,2017,2024,17.0,7.0,3.7,Season
1631222,LaRavia,Jake,jake-laravia,1610612763,grizzlies,0,Memphis,Grizzlies,MEM,3,F,6-7,235,Wake Forest,USA,2022,1,19,1.0,2022,2024,9.0,5.5,3.8,Season
203897,LaVine,Zach,zach-lavine,1610612741,bulls,0,Chicago,Bulls,CHI,8,G,6-5,200,UCLA,USA,2014,1,13,1.0,2014,2024,22.0,5.0,3.3,Season
1629111,Landale,Jock,jock-landale,1610612745,rockets,0,Houston,Rockets,HOU,2,C,6-11,255,St. Mary's,Australia,,,,1.0,2021,2024,5.0,3.1,0.4,Season
1641796,Larsson,Pelle,pelle-larsson,1610612748,heat,0,Miami,Heat,MIA,9,G,6-5,215,Arizona,Sweden,2024,2,44,1.0,2024,2024,5.5,0.8,1.7,Season
1627747,LeVert,Caris,caris-levert,1610612739,cavaliers,0,Cleveland,Cavaliers,CLE,3,G,6-6,205,Michigan,USA,2016,1,20,1.0,2016,2024,12.0,2.9,4.7,Season
1627814,Lee,Damion,damion-lee,1610612756,suns,0,Phoenix,Suns,PHX,10,G-F,6-6,210,Drexel,USA,,,,1.0,2017,2024,2.0,3.0,2.0,Season
203458,Len,Alex,alex-len,1610612758,kings,0,Sacramento,Kings,SAC,25,C,7-0,250,Maryland,Ukraine,2013,1,5,1.0,2013,2024,1.1,2.7,0.9,Season
202695,Leonard,Kawhi,kawhi-leonard,1610612746,clippers,0,LA,Clippers,LAC,2,F,6-7,225,San Diego State,USA,2011,1,15,1.0,2011,2024,,,,Season
1642502,Leons,Malevy,malevy-leons,1610612760,thunder,0,Oklahoma City,Thunder,OKC,,F,6-9,210,Bradley,Netherlands,,,,1.0,2024,2024,0.5,0.5,0.3,Season
1641721,Lewis,Maxwell,maxwell-lewis,1610612747,lakers,0,Los Angeles,Lakers,LAL,21,F,6-7,195,Pepperdine,USA,2023,2,40,1.0,2023,2024,0.0,0.0,0.0,Season
1630604,Liddell,E.J.,ej-liddell,1610612741,bulls,0,Chicago,Bulls,CHI,32,F,6-6,240,Ohio State,USA,2022,2,41,1.0,2022,2024,,,,Season
203081,Lillard,Damian,damian-lillard,1610612749,bucks,0,Milwaukee,Bucks,MIL,0,G,6-2,195,Weber State,USA,2012,1,6,1.0,2012,2024,26.0,4.6,6.6,Season
1641726,Lively II,Dereck,dereck-lively-ii,1610612742,mavericks,0,Dallas,Mavericks,DAL,2,C,7-1,230,Duke,USA,2023,1,12,1.0,2023,2024,9.3,8.2,2.5,Season
1641753,Livingston,Chris,chris-livingston,1610612749,bucks,0,Milwaukee,Bucks,MIL,7,F,6-6,220,Kentucky,USA,2023,2,58,1.0,2023,2024,,,,Season
1626172,Looney,Kevon,kevon-looney,1610612744,warriors,0,Golden State,Warriors,GSW,5,F,6-9,222,UCLA,USA,2015,1,30,1.0,2015,2024,5.9,8.2,1.6,Season
201572,Lopez,Brook,brook-lopez,1610612749,bucks,0,Milwaukee,Bucks,MIL,11,C,7-1,282,Stanford,USA,2008,1,10,1.0,2008,2024,9.0,4.6,1.6,Season
201567,Love,Kevin,kevin-love,1610612748,heat,0,Miami,Heat,MIA,42,F-C,6-8,251,UCLA,USA,2008,1,5,1.0,2008,2024,6.0,6.0,2.0,Season
200768,Lowry,Kyle,kyle-lowry,1610612755,sixers,0,Philadelphia,76ers,PHI,7,G,6-0,196,Villanova,USA,2006,1,24,1.0,2006,2024,8.0,2.6,3.9,Season
1641754,Lundy,Seth,seth-lundy,1610612737,hawks,0,Atlanta,Hawks,ATL,3,G-F,6-4,220,Penn State,USA,2023,2,46,1.0,2023,2024,,,,Season
1626168,Lyles,Trey,trey-lyles,1610612758,kings,0,Sacramento,Kings,SAC,41,F,6-9,234,Kentucky,Canada,2015,1,12,1.0,2015,2024,3.6,3.1,0.6,Season
1630572,Mamukelashvili,Sandro,sandro-mamukelashvili,1610612759,spurs,0,San Antonio,Spurs,SAS,54,F-C,6-9,240,Seton Hall,Georgia,2021,2,54,1.0,2021,2024,3.9,2.6,0.3,Season
1629611,Mann,Terance,terance-mann,1610612746,clippers,0,LA,Clippers,LAC,14,G-F,6-5,215,Florida State,USA,2019,2,48,1.0,2019,2024,5.1,3.7,1.8,Season
1630544,Mann,Tre,tre-mann,1610612766,hornets,0,Charlotte,Hornets,CHA,23,G,6-3,178,Florida,USA,2021,1,18,1.0,2021,2024,14.8,2.9,3.3,Season
1628374,Markkanen,Lauri,lauri-markkanen,1610612762,jazz,0,Utah,Jazz,UTA,23,F-C,7-0,240,Arizona,Finland,2017,1,7,1.0,2017,2024,16.7,7.0,2.5,Season
1630230,Marshall,Naji,naji-marshall,1610612742,mavericks,0,Dallas,Mavericks,DAL,13,F,6-6,220,Xavier,USA,,,,1.0,2020,2024,7.7,3.9,2.7,Season
1628997,Martin,Caleb,caleb-martin,1610612755,sixers,0,Philadelphia,76ers,PHI,16,F,6-5,205,Nevada,USA,,,,1.0,2019,2024,10.3,6.0,3.0,Season
1628998,Martin,Cody,cody-martin,1610612766,hornets,0,Charlotte,Hornets,CHA,11,F,6-6,205,Nevada,USA,2019,2,36,1.0,2019,2024,9.9,4.5,2.1,Season
1641798,Martin,Jaylen,jaylen-martin,1610612751,nets,0,Brooklyn,Nets,BKN,16,G,6-6,216,Overtime Elite,USA,,,,1.0,2023,2024,1.5,0.0,0.0,Season
1630231,Martin,KJ,kj-martin,1610612755,sixers,0,Philadelphia,76ers,PHI,1,F,6-6,215,IMG Academy (FL),USA,2020,2,52,1.0,2020,2024,5.5,2.8,0.6,Season
1631213,Martin,Tyrese,tyrese-martin,1610612751,nets,0,Brooklyn,Nets,BKN,13,F,6-6,215,Connecticut,USA,2022,2,51,1.0,2022,2024,0.0,0.5,0.0,Season
1629726,Mathews,Garrison,garrison-mathews,1610612737,hawks,0,Atlanta,Hawks,ATL,24,G,6-6,215,Lipscomb,USA,,,,1.0,2019,2024,11.1,1.4,1.4,Season
1631097,Mathurin,Bennedict,bennedict-mathurin,1610612754,pacers,0,Indiana,Pacers,IND,00,G-F,6-5,210,Arizona,Canada,2022,1,6,1.0,2022,2024,19.4,6.1,1.9,Season
1631255,Matković,Karlo,karlo-matković,1610612740,pelicans,0,New Orleans,Pelicans,NOP,17,F-C,6-10,231,Mega Basket,Bosnia and Herzegovina,2022,2,52,1.0,2024,2024,1.0,2.0,0.0,Season
1630178,Maxey,Tyrese,tyrese-maxey,1610612755,sixers,0,Philadelphia,76ers,PHI,0,G,6-2,200,Kentucky,USA,2020,1,21,1.0,2020,2024,27.6,3.0,3.9,Season
1630540,McBride,Miles,miles-mcbride,1610612752,knicks,0,New York,Knicks,NYK,2,G,6-1,195,West Virginia,USA,2021,2,36,1.0,2021,2024,11.2,2.3,2.7,Season
1642272,McCain,Jared,jared-mccain,1610612755,sixers,0,Philadelphia,76ers,PHI,20,G,6-3,195,Duke,USA,2024,1,16,1.0,2024,2024,10.2,2.0,1.4,Season
1630644,McClung,Mac,mac-mcclung,1610612753,magic,0,Orlando,Magic,ORL,8,G,6-2,185,Texas Tech,USA,,,,1.0,2021,2024,0.0,1.0,2.0,Season
203468,McCollum,CJ,cj-mccollum,1610612740,pelicans,0,New Orleans,Pelicans,NOP,3,G,6-3,190,Lehigh,USA,2013,1,10,1.0,2013,2024,18.8,3.5,4.0,Season
204456,McConnell,T.J.,tj-mcconnell,1610612754,pacers,0,Indiana,Pacers,IND,9,G,6-1,190,Arizona,USA,2015,0,,1.0,2015,2024,9.3,1.9,4.0,Season
1641755,McCullar Jr.,Kevin,kevin-mccullar-jr,1610612752,knicks,0,New York,Knicks,NYK,9,G,6-6,210,Kansas,USA,2024,2,56,1.0,2024,2024,,,,Season
1630183,McDaniels,Jaden,jaden-mcdaniels,1610612750,timberwolves,0,Minnesota,Timberwolves,MIN,3,F,6-9,185,Washington,USA,2020,1,28,1.0,2020,2024,9.3,2.8,1.5,Season
203926,McDermott,Doug,doug-mcdermott,1610612758,kings,0,Sacramento,Kings,SAC,7,F,6-6,225,Creighton,USA,2014,1,11,1.0,2014,2024,2.5,0.3,0.0,Season
1631121,McGowens,Bryce,bryce-mcgowens,1610612757,blazers,0,Portland,Trail Blazers,POR,11,G,6-6,190,Nebraska,USA,2022,2,40,1.0,2022,2024,,,,Season
1629162,McLaughlin,Jordan,jordan-mclaughlin,1610612758,kings,0,Sacramento,Kings,SAC,3,G,6-0,185,Southern California,USA,,,,1.0,2019,2024,0.4,0.4,0.4,Season
1629098,McVeigh,Jack,jack-mcveigh,1610612745,rockets,0,Houston,Rockets,HOU,58,G-F,6-8,215,Nebraska-Lincoln,Australia,,,,1.0,2024,2024,1.5,1.0,0.0,Season
1629001,Melton,De'Anthony,deanthony-melton,1610612744,warriors,0,Golden State,Warriors,GSW,8,G,6-3,200,Southern California,USA,2018,2,46,1.0,2018,2024,9.6,3.2,2.6,Season
1630241,Merrill,Sam,sam-merrill,1610612739,cavaliers,0,Cleveland,Cavaliers,CLE,5,G,6-4,205,Utah State,USA,2020,2,60,1.0,2020,2024,7.5,1.7,1.5,Season
203995,Micić,Vasilije,vasilije-micić,1610612766,hornets,0,Charlotte,Hornets,CHA,22,G,6-3,188,Serbia,Serbia,2014,2,52,1.0,2023,2024,2.3,3.7,1.0,Season
203114,Middleton,Khris,khris-middleton,1610612749,bucks,0,Milwaukee,Bucks,MIL,22,F,6-7,222,Texas A&M,USA,2012,2,39,1.0,2012,2024,,,,Season
1641706,Miller,Brandon,brandon-miller,1610612766,hornets,0,Charlotte,Hornets,CHA,24,F,6-7,200,Alabama,USA,2023,1,2,1.0,2023,2024,17.0,4.3,3.3,Season
1641757,Miller,Jordan,jordan-miller,1610612746,clippers,0,LA,Clippers,LAC,11,G,6-5,194,Miami,USA,2023,2,48,1.0,2023,2024,0.5,0.0,0.0,Season
1631159,Miller,Leonard,leonard-miller,1610612750,timberwolves,0,Minnesota,Timberwolves,MIN,33,F,6-10,220,NBA G League Ignite,Canada,2023,2,33,1.0,2023,2024,,,,Season
201988,Mills,Patty,patty-mills,1610612762,jazz,0,Utah,Jazz,UTA,8,G,6-2,180,St. Mary's,Australia,2009,2,55,1.0,2009,2024,3.6,0.9,1.4,Season
1629003,Milton,Shake,shake-milton,1610612751,nets,0,Brooklyn,Nets,BKN,7,G,6-5,205,Southern Methodist,USA,2018,2,54,1.0,2018,2024,1.8,0.9,0.8,Season
1631303,Minaya,Justin,justin-minaya,1610612757,blazers,0,Portland,Trail Blazers,POR,10,F,6-5,205,Providence,USA,,,,1.0,2022,2024,,,,Season
1642434,Minix,Riley,riley-minix,1610612759,spurs,0,San Antonio,Spurs,SAS,27,F,6-7,230,Morehead State,USA,,,,1.0,2024,2024,0.0,2.0,0.0,Season
1631169,Minott,Josh,josh-minott,1610612750,timberwolves,0,Minnesota,Timberwolves,MIN,8,F,6-8,205,Memphis,USA,2022,2,45,1.0,2022,2024,1.8,1.0,0.0,Season
1642274,Missi,Yves,yves-missi,1610612740,pelicans,0,New Orleans,Pelicans,NOP,21,C,6-11,235,Baylor,Cameroon,2024,1,21,1.0,2024,2024,5.6,5.4,1.5,Season
1642349,Mitchell,Ajay,ajay-mitchell,1610612760,thunder,0,Oklahoma City,Thunder,OKC,25,G,6-5,190,California-Santa Barbara,Belgium,2024,2,38,1.0,2024,2024,5.5,1.6,1.9,Season
1630558,Mitchell,Davion,davion-mitchell,1610612761,raptors,0,Toronto,Raptors,TOR,45,G,6-0,202,Baylor,USA,2021,1,9,1.0,2021,2024,9.0,2.5,6.0,Season
1628378,Mitchell,Donovan,donovan-mitchell,1610612739,cavaliers,0,Cleveland,Cavaliers,CLE,45,G,6-3,215,Louisville,USA,2017,1,13,1.0,2017,2024,22.5,3.0,3.8,Season
1630596,Mobley,Evan,evan-mobley,1610612739,cavaliers,0,Cleveland,Cavaliers,CLE,4,C,6-11,215,Southern California,USA,2021,1,3,1.0,2021,2024,18.4,8.5,2.7,Season
1642367,Mogbo,Jonathan,jonathan-mogbo,1610612761,raptors,0,Toronto,Raptors,TOR,2,F,6-9,225,San Francisco,USA,2024,2,31,1.0,2024,2024,5.6,4.3,1.9,Season
1628370,Monk,Malik,malik-monk,1610612758,kings,0,Sacramento,Kings,SAC,0,G,6-3,200,Kentucky,USA,2017,1,11,1.0,2017,2024,12.6,3.0,2.8,Season
1630541,Moody,Moses,moses-moody,1610612744,warriors,0,Golden State,Warriors,GSW,4,G,6-5,211,Arkansas,USA,2021,1,14,1.0,2021,2024,9.7,2.0,1.1,Season
1631386,Moore,Tazé,tazé-moore,1610612757,blazers,0,Portland,Trail Blazers,POR,76,G,6-5,195,Houston,USA,,,,1.0,2023,2024,,,,Season
1631111,Moore Jr.,Wendell,wendell-moore-jr,1610612765,pistons,0,Detroit,Pistons,DET,14,G,6-5,215,Duke,USA,2022,1,26,1.0,2022,2024,0.7,0.3,0.3,Season
1629630,Morant,Ja,ja-morant,1610612763,grizzlies,0,Memphis,Grizzlies,MEM,12,G,6-2,174,Murray State,USA,2019,1,2,1.0,2019,2024,20.6,5.0,9.1,Season
202693,Morris,Markieff,markieff-morris,1610612742,mavericks,0,Dallas,Mavericks,DAL,88,F,6-9,245,Kansas,USA,2011,1,13,1.0,2011,2024,0.0,2.0,2.0,Season
1628420,Morris,Monté,monté-morris,1610612756,suns,0,Phoenix,Suns,PHX,23,G,6-2,183,Iowa State,USA,2017,2,51,1.0,2017,2024,3.5,1.2,1.5,Season
1630530,Murphy III,Trey,trey-murphy-iii,1610612740,pelicans,0,New Orleans,Pelicans,NOP,25,F,6-8,206,Virginia,USA,2021,1,17,1.0,2021,2024,,,,Season
1627749,Murray,Dejounte,dejounte-murray,1610612740,pelicans,0,New Orleans,Pelicans,NOP,5,G,6-4,180,Washington,USA,2016,1,29,1.0,2016,2024,14.0,8.0,10.0,Season
1627750,Murray,Jamal,jamal-murray,1610612743,nuggets,0,Denver,Nuggets,DEN,27,G,6-4,215,Kentucky,Canada,2016,1,7,1.0,2016,2024,18.1,3.9,4.9,Season
1631099,Murray,Keegan,keegan-murray,1610612758,kings,0,Sacramento,Kings,SAC,13,F,6-8,225,Iowa,USA,2022,1,4,1.0,2022,2024,14.4,9.0,1.8,Season
1631200,Murray,Kris,kris-murray,1610612757,blazers,0,Portland,Trail Blazers,POR,24,F,6-8,216,Iowa,USA,2023,1,23,1.0,2023,2024,4.0,2.5,0.8,Season
1629004,Mykhailiuk,Svi,svi-mykhailiuk,1610612762,jazz,0,Utah,Jazz,UTA,19,G-F,6-7,205,Kansas,Ukraine,2018,2,47,1.0,2018,2024,6.0,1.0,2.0,Season
1626204,Nance Jr.,Larry,larry-nance-jr,1610612737,hawks,0,Atlanta,Hawks,ATL,22,F-C,6-8,245,Wyoming,USA,2015,1,27,1.0,2015,2024,8.7,2.5,1.3,Season
1629614,Nembhard,Andrew,andrew-nembhard,1610612754,pacers,0,Indiana,Pacers,IND,2,G-F,6-4,191,Gonzaga,Canada,2022,2,31,1.0,2022,2024,7.3,2.0,4.7,Season
1630174,Nesmith,Aaron,aaron-nesmith,1610612754,pacers,0,Indiana,Pacers,IND,23,G-F,6-6,215,Vanderbilt,USA,2020,1,14,1.0,2020,2024,9.2,4.0,1.0,Season
1641803,Newton,Tristen,tristen-newton,1610612754,pacers,0,Indiana,Pacers,IND,4,G,6-5,190,Connecticut,USA,2024,2,49,1.0,2024,2024,,,,Season
1627777,Niang,Georges,georges-niang,1610612739,cavaliers,0,Cleveland,Cavaliers,CLE,20,F,6-7,230,Iowa State,USA,2016,2,50,1.0,2016,2024,6.4,3.2,1.3,Season
1630227,Nix,Daishen,daishen-nix,1610612750,timberwolves,0,Minnesota,Timberwolves,MIN,1,G,6-4,238,NBA G League Ignite,USA,,,,1.0,2021,2024,,,,Season
1630192,Nnaji,Zeke,zeke-nnaji,1610612743,nuggets,0,Denver,Nuggets,DEN,22,F-C,6-9,240,Arizona,USA,2020,1,22,1.0,2020,2024,2.2,1.0,0.5,Season
1629669,Nowell,Jaylen,jaylen-nowell,1610612740,pelicans,0,New Orleans,Pelicans,NOP,20,G,6-4,201,Washington,USA,2019,2,43,1.0,2019,2024,7.0,0.7,0.7,Season
203994,Nurkić,Jusuf,jusuf-nurkić,1610612756,suns,0,Phoenix,Suns,PHX,20,C,7-0,290,Cedevita,Bosnia and Herzegovina,2014,1,16,1.0,2014,2024,9.9,10.2,1.2,Season
1626220,O'Neale,Royce,royce-oneale,1610612756,suns,0,Phoenix,Suns,PHX,00,F,6-6,226,Baylor,USA,,,,1.0,2017,2024,10.2,6.7,2.3,Season
1629006,Okogie,Josh,josh-okogie,1610612756,suns,0,Phoenix,Suns,PHX,2,G,6-4,213,Georgia Tech,Nigeria,2018,1,20,1.0,2018,2024,7.5,2.5,0.0,Season
1630168,Okongwu,Onyeka,onyeka-okongwu,1610612737,hawks,0,Atlanta,Hawks,ATL,17,F-C,6-10,240,Southern California,USA,2020,1,6,1.0,2020,2024,10.9,5.8,1.9,Season
1630171,Okoro,Isaac,isaac-okoro,1610612739,cavaliers,0,Cleveland,Cavaliers,CLE,35,F-G,6-5,225,Auburn,USA,2020,1,5,1.0,2020,2024,6.0,2.5,1.6,Season
1642439,Olivari,Quincy,quincy-olivari,1610612747,lakers,0,Los Angeles,Lakers,LAL,41,G,6-3,,Xavier,USA,,,,1.0,2024,2024,,,,Season
203482,Olynyk,Kelly,kelly-olynyk,1610612761,raptors,0,Toronto,Raptors,TOR,41,F-C,6-11,240,Gonzaga,Canada,2013,1,13,1.0,2013,2024,,,,Season
1626162,Oubre Jr.,Kelly,kelly-oubre-jr,1610612755,sixers,0,Philadelphia,76ers,PHI,9,F-G,6-8,203,Kansas,USA,2015,1,15,1.0,2015,2024,15.1,4.4,1.4,Season
101108,Paul,Chris,chris-paul,1610612759,spurs,0,San Antonio,Spurs,SAS,3,G,6-0,175,Wake Forest,USA,2005,1,4,1.0,2005,2024,10.3,3.6,8.1,Season
1626166,Payne,Cameron,cameron-payne,1610612752,knicks,0,New York,Knicks,NYK,1,G,6-3,183,Murray State,USA,2015,1,14,1.0,2015,2024,5.6,2.0,3.2,Season
1627780,Payton II,Gary,gary-payton-ii,1610612744,warriors,0,Golden State,Warriors,GSW,0,G,6-2,195,Oregon State,USA,,,,1.0,2016,2024,5.5,1.7,1.3,Season
1641809,Peterson,Drew,drew-peterson,1610612738,celtics,0,Boston,Celtics,BOS,13,F,6-9,205,Southern California,USA,,,,1.0,2023,2024,0.0,0.5,0.0,Season
1641763,Phillips,Julian,julian-phillips,1610612741,bulls,0,Chicago,Bulls,CHI,15,F,6-8,198,Tennessee,USA,2023,2,35,1.0,2023,2024,4.9,1.7,0.4,Season
1629618,Pickett,Jalen,jalen-pickett,1610612743,nuggets,0,Denver,Nuggets,DEN,24,G,6-2,202,Penn State,USA,2023,2,32,1.0,2023,2024,0.0,0.0,0.0,Season
1630590,Pippen Jr.,Scotty,scotty-pippen-jr,1610612763,grizzlies,0,Memphis,Grizzlies,MEM,1,G,6-1,170,Vanderbilt,USA,,,,1.0,2022,2024,12.1,4.2,6.5,Season
203486,Plumlee,Mason,mason-plumlee,1610612756,suns,0,Phoenix,Suns,PHX,22,F-C,6-10,254,Duke,USA,2013,1,22,1.0,2013,2024,4.4,5.1,1.5,Season
1641764,Podziemski,Brandin,brandin-podziemski,1610612744,warriors,0,Golden State,Warriors,GSW,2,G,6-4,205,Santa Clara,USA,2023,1,19,1.0,2023,2024,8.8,5.0,3.7,Season
1629673,Poole,Jordan,jordan-poole,1610612764,wizards,0,Washington,Wizards,WAS,13,G,6-4,194,Michigan,USA,2019,1,28,1.0,2019,2024,21.1,1.6,4.0,Season
1641854,Porter Jr.,Craig,craig-porter-jr,1610612739,cavaliers,0,Cleveland,Cavaliers,CLE,9,G,6-1,180,Wichita State,USA,,,,1.0,2023,2024,1.6,0.6,0.7,Season
1629645,Porter Jr.,Kevin,kevin-porter-jr,1610612746,clippers,0,LA,Clippers,LAC,77,G-F,6-4,203,Southern California,USA,2019,1,30,1.0,2019,2024,7.8,3.7,2.8,Season
1629008,Porter Jr.,Michael,michael-porter-jr,1610612743,nuggets,0,Denver,Nuggets,DEN,1,F,6-10,218,Missouri,USA,2018,1,14,1.0,2018,2024,18.0,7.0,2.9,Season
1626171,Portis,Bobby,bobby-portis,1610612749,bucks,0,Milwaukee,Bucks,MIL,9,F,6-10,250,Arkansas,USA,2015,1,22,1.0,2015,2024,12.5,8.2,0.8,Season
204001,Porziņģis,Kristaps,kristaps-porziņģis,1610612738,celtics,0,Boston,Celtics,BOS,8,F-C,7-2,240,Cajasol Sevilla,Latvia,2015,1,4,1.0,2015,2024,,,,Season
1642366,Post,Quinten,quinten-post,1610612744,warriors,0,Golden State,Warriors,GSW,21,C,7-0,238,Boston College,Netherlands,2024,2,52,1.0,2024,2024,,,,Season
1630695,Potter,Micah,micah-potter,1610612762,jazz,0,Utah,Jazz,UTA,25,C,6-9,248,Wisconsin,USA,,,,1.0,2021,2024,,,,Season
203939,Powell,Dwight,dwight-powell,1610612742,mavericks,0,Dallas,Mavericks,DAL,7,F-C,6-10,240,Stanford,Canada,2014,2,45,1.0,2014,2024,2.4,2.3,0.6,Season
1626181,Powell,Norman,norman-powell,1610612746,clippers,0,LA,Clippers,LAC,24,G,6-4,215,UCLA,USA,2015,2,46,1.0,2015,2024,25.5,3.4,2.4,Season
1630554,Preston,Jason,jason-preston,1610612762,jazz,0,Utah,Jazz,UTA,10,G,6-3,181,Ohio,USA,2021,2,33,1.0,2021,2024,,,,Season
1627752,Prince,Taurean,taurean-prince,1610612749,bucks,0,Milwaukee,Bucks,MIL,12,F,6-6,218,Baylor,USA,2016,1,12,1.0,2016,2024,7.5,5.1,1.9,Season
1630202,Pritchard,Payton,payton-pritchard,1610612738,celtics,0,Boston,Celtics,BOS,11,G,6-1,195,Oregon,USA,2020,1,26,1.0,2020,2024,16.5,2.6,2.5,Season
1641765,Prosper,Olivier-Maxence,olivier-maxence-prosper,1610612742,mavericks,0,Dallas,Mavericks,DAL,8,F,6-7,230,Marquette,Canada,2023,1,24,1.0,2023,2024,1.1,0.7,0.0,Season
1627751,Pöltl,Jakob,jakob-pöltl,1610612761,raptors,0,Toronto,Raptors,TOR,19,C,7-0,260,Utah,Austria,2016,1,9,1.0,2016,2024,14.0,11.4,3.1,Season
1630243,Queen,Trevelin,trevelin-queen,1610612753,magic,0,Orlando,Magic,ORL,12,G,6-5,190,New Mexico State,USA,,,,1.0,2021,2024,0.0,0.0,0.0,Season
1629674,Queta,Neemias,neemias-queta,1610612738,celtics,0,Boston,Celtics,BOS,88,C,7-0,248,Utah State,Portugal,2021,2,39,1.0,2021,2024,6.5,5.7,0.5,Season
1630193,Quickley,Immanuel,immanuel-quickley,1610612761,raptors,0,Toronto,Raptors,TOR,5,G,6-2,190,Kentucky,USA,2020,1,25,1.0,2020,2024,15.3,2.0,4.0,Season
1631311,Quinones,Lester,lester-quinones,1610612755,sixers,0,Philadelphia,76ers,PHI,25,G,6-4,208,Memphis,USA,,,,1.0,2022,2024,1.5,1.5,0.5,Season
203944,Randle,Julius,julius-randle,1610612750,timberwolves,0,Minnesota,Timberwolves,MIN,30,F-C,6-9,250,Kentucky,USA,2014,1,7,1.0,2014,2024,21.1,6.7,4.6,Season
1641871,Reath,Duop,duop-reath,1610612757,blazers,0,Portland,Trail Blazers,POR,26,C,6-9,245,Louisiana State,South Sudan,,,,1.0,2023,2024,1.3,0.5,0.3,Season
1630559,Reaves,Austin,austin-reaves,1610612747,lakers,0,Los Angeles,Lakers,LAL,15,G,6-5,197,Oklahoma,USA,,,,1.0,2021,2024,18.7,4.5,5.2,Season
1629629,Reddish,Cam,cam-reddish,1610612747,lakers,0,Los Angeles,Lakers,LAL,5,F-G,6-7,217,Duke,USA,2019,1,10,1.0,2019,2024,5.8,3.8,1.0,Season
1630194,Reed,Paul,paul-reed,1610612765,pistons,0,Detroit,Pistons,DET,7,F,6-9,210,DePaul,USA,2020,2,58,1.0,2020,2024,5.8,2.0,0.6,Season
1642024,Reese,Alex,alex-reese,0,,0,,,,,F-C,6-9,245,Alabama,USA,,,,,2024,2024,2.0,1.0,0.0,Season
1641810,Reeves,Antonio,antonio-reeves,1610612740,pelicans,0,New Orleans,Pelicans,NOP,12,G,6-5,205,Kentucky,USA,2024,2,47,1.0,2024,2024,1.2,1.0,0.2,Season
1629675,Reid,Naz,naz-reid,1610612750,timberwolves,0,Minnesota,Timberwolves,MIN,11,C-F,6-9,264,Louisiana State,USA,,,,1.0,2019,2024,14.1,5.5,1.7,Season
1631197,Rhoden,Jared,jared-rhoden,1610612766,hornets,0,Charlotte,Hornets,CHA,27,G,6-5,210,Seton Hall,USA,,,,1.0,2022,2024,2.0,1.5,1.0,Season
1630208,Richards,Nick,nick-richards,1610612766,hornets,0,Charlotte,Hornets,CHA,4,C,7-0,245,Kentucky,Jamaica,2020,2,42,1.0,2020,2024,11.0,10.0,1.8,Season
1626196,Richardson,Josh,josh-richardson,1610612748,heat,0,Miami,Heat,MIA,0,G,6-5,200,Tennessee,USA,2015,2,40,1.0,2015,2024,3.0,2.3,1.3,Season
1642258,Risacher,Zaccharie,zaccharie-risacher,1610612737,hawks,0,Atlanta,Hawks,ATL,10,F,6-8,200,JL Bourg-en-Bresse,France,2024,1,1,1.0,2024,2024,12.0,3.5,1.4,Season
1641857,Robbins,Liam,liam-robbins,1610612749,bucks,0,Milwaukee,Bucks,MIL,15,C,7-0,250,Vanderbilt,USA,,,,1.0,2024,2024,1.7,1.0,0.0,Season
1629130,Robinson,Duncan,duncan-robinson,1610612748,heat,0,Miami,Heat,MIA,55,F,6-7,215,Michigan,USA,,,,1.0,2018,2024,8.4,1.6,1.3,Season
1629011,Robinson,Mitchell,mitchell-robinson,1610612752,knicks,0,New York,Knicks,NYK,23,C-F,7-0,240,Western Kentucky,USA,2018,2,36,1.0,2018,2024,,,,Season
1631115,Robinson,Orlando,orlando-robinson,1610612758,kings,0,Sacramento,Kings,SAC,77,C,6-10,235,Fresno State,USA,,,,1.0,2022,2024,,,,Season
1630526,Robinson-Earl,Jeremiah,jeremiah-robinson-earl,1610612740,pelicans,0,New Orleans,Pelicans,NOP,50,F,6-8,240,Villanova,USA,2021,2,32,1.0,2021,2024,5.6,3.3,0.8,Season
1631223,Roddy,David,david-roddy,1610612737,hawks,0,Atlanta,Hawks,ATL,8,F,6-4,255,Colorado State,USA,2022,1,23,1.0,2022,2024,7.3,4.3,2.1,Season
1631157,Rollins,Ryan,ryan-rollins,1610612749,bucks,0,Milwaukee,Bucks,MIL,13,G,6-3,180,Toledo,USA,2022,2,44,1.0,2022,2024,2.1,0.8,0.8,Season
1626179,Rozier,Terry,terry-rozier,1610612748,heat,0,Miami,Heat,MIA,2,G,6-1,190,Louisville,USA,2015,1,16,1.0,2015,2024,14.3,4.7,4.0,Season
1641712,Rupert,Rayan,rayan-rupert,1610612757,blazers,0,Portland,Trail Blazers,POR,21,G-F,6-6,195,New Zealand Breakers,France,2023,2,43,1.0,2023,2024,4.4,1.8,0.2,Season
1626156,Russell,D'Angelo,dangelo-russell,1610612747,lakers,0,Los Angeles,Lakers,LAL,1,G,6-3,193,Ohio State,USA,2015,1,2,1.0,2015,2024,12.9,2.2,5.0,Season
1630346,Ryan,Matt,matt-ryan,1610612752,knicks,0,New York,Knicks,NYK,37,F,6-6,215,Tennessee-Chattanooga,USA,,,,1.0,2021,2024,3.0,0.0,0.0,Season
1627734,Sabonis,Domantas,domantas-sabonis,1610612758,kings,0,Sacramento,Kings,SAC,11,F-C,6-10,240,Gonzaga,Lithuania,2016,1,11,1.0,2016,2024,20.5,12.9,6.9,Season
1642275,Salaün,Tidjane,tidjane-salaün,1610612766,hornets,0,Charlotte,Hornets,CHA,31,F,6-8,207,Cholet,France,2024,1,6,1.0,2024,2024,3.0,3.8,1.0,Season
1641766,Sanogo,Adama,adama-sanogo,1610612741,bulls,0,Chicago,Bulls,CHI,21,F,6-9,245,Connecticut,Mali,,,,1.0,2023,2024,2.0,0.5,0.5,Season
1630611,Santos,Gui,gui-santos,1610612744,warriors,0,Golden State,Warriors,GSW,15,F,6-6,185,Minas,Brazil,2022,2,55,1.0,2023,2024,1.2,1.0,0.4,Season
1642259,Sarr,Alexandre,alexandre-sarr,1610612764,wizards,0,Washington,Wizards,WAS,20,C,7-0,205,Perth,France,2024,1,2,1.0,2024,2024,9.8,6.3,2.4,Season
1631204,Sasser,Marcus,marcus-sasser,1610612765,pistons,0,Detroit,Pistons,DET,25,G,6-2,195,Houston,USA,2023,1,25,1.0,2023,2024,1.0,0.5,0.8,Season
1631248,Scheierman,Baylor,baylor-scheierman,1610612738,celtics,0,Boston,Celtics,BOS,55,G,6-6,205,Creighton,USA,2024,1,30,1.0,2024,2024,1.3,1.3,0.0,Season
203471,Schröder,Dennis,dennis-schröder,1610612751,nets,0,Brooklyn,Nets,BKN,17,G,6-1,175,Braunschweig,Germany,2013,1,17,1.0,2013,2024,20.1,2.9,6.6,Season
1630578,Sengun,Alperen,alperen-sengun,1610612745,rockets,0,Houston,Rockets,HOU,28,C,6-11,243,Besiktas,Turkey,2021,1,16,1.0,2021,2024,16.9,11.0,3.9,Season
1641729,Sensabaugh,Brice,brice-sensabaugh,1610612762,jazz,0,Utah,Jazz,UTA,28,F,6-5,235,Ohio State,USA,2023,1,28,1.0,2023,2024,5.8,1.9,0.5,Season
1629012,Sexton,Collin,collin-sexton,1610612762,jazz,0,Utah,Jazz,UTA,2,G,6-3,190,Alabama,USA,2018,1,8,1.0,2018,2024,15.8,2.4,3.1,Season
1630545,Shannon Jr.,Terrence,terrence-shannon-jr,1610612750,timberwolves,0,Minnesota,Timberwolves,MIN,00,G-F,6-6,215,Illinois,USA,2024,1,27,1.0,2024,2024,1.0,0.0,0.5,Season
1630549,Sharpe,Day'Ron,dayron-sharpe,1610612751,nets,0,Brooklyn,Nets,BKN,20,C,6-9,265,North Carolina,USA,2021,1,29,1.0,2021,2024,,,,Season
1631101,Sharpe,Shaedon,shaedon-sharpe,1610612757,blazers,0,Portland,Trail Blazers,POR,17,G,6-5,208,Kentucky,Canada,2022,1,7,1.0,2022,2024,8.7,2.3,1.0,Season
1642347,Shead,Jamal,jamal-shead,1610612761,raptors,0,Toronto,Raptors,TOR,23,G,6-1,200,Houston,USA,2024,2,45,1.0,2024,2024,5.5,0.9,3.7,Season
1641767,Sheppard,Ben,ben-sheppard,1610612754,pacers,0,Indiana,Pacers,IND,26,G,6-6,190,Belmont,USA,2023,1,26,1.0,2023,2024,5.9,1.9,1.1,Season
1642263,Sheppard,Reed,reed-sheppard,1610612745,rockets,0,Houston,Rockets,HOU,15,G,6-2,185,Kentucky,USA,2024,1,3,1.0,2024,2024,3.4,1.3,1.7,Season
1627783,Siakam,Pascal,pascal-siakam,1610612754,pacers,0,Indiana,Pacers,IND,43,F,6-8,245,New Mexico State,Cameroon,2016,1,27,1.0,2016,2024,20.0,6.5,4.5,Season
1627732,Simmons,Ben,ben-simmons,1610612751,nets,0,Brooklyn,Nets,BKN,10,G-F,6-10,240,Louisiana State,Australia,2016,1,1,1.0,2016,2024,6.1,6.0,6.4,Season
1629014,Simons,Anfernee,anfernee-simons,1610612757,blazers,0,Portland,Trail Blazers,POR,1,G,6-3,200,Edgewater HS (FL),USA,2018,1,24,1.0,2018,2024,17.5,2.1,4.6,Season
1642354,Simpson,KJ,kj-simpson,1610612766,hornets,0,Charlotte,Hornets,CHA,25,G,6-0,189,Colorado,USA,2024,2,42,1.0,2024,2024,2.0,3.0,1.0,Season
1630579,Sims,Jericho,jericho-sims,1610612752,knicks,0,New York,Knicks,NYK,20,C,6-10,250,Texas,USA,2021,2,58,1.0,2021,2024,1.3,3.8,0.3,Season
203935,Smart,Marcus,marcus-smart,1610612763,grizzlies,0,Memphis,Grizzlies,MEM,36,G,6-3,220,Oklahoma State,USA,2014,1,6,1.0,2014,2024,5.6,2.2,2.8,Season
1630696,Smith,Dru,dru-smith,1610612748,heat,0,Miami,Heat,MIA,12,G,6-2,203,Missouri,USA,,,,1.0,2022,2024,1.0,1.8,0.5,Season
1630188,Smith,Jalen,jalen-smith,1610612741,bulls,0,Chicago,Bulls,CHI,7,F-C,6-9,215,Maryland,USA,2020,1,10,1.0,2020,2024,8.9,5.2,0.6,Season
1641890,Smith,Tyler,tyler-smith,1610612749,bucks,0,Milwaukee,Bucks,MIL,21,F,6-9,224,NBA G League Ignite,USA,2024,2,33,1.0,2024,2024,2.4,0.7,0.0,Season
1631095,Smith Jr.,Jabari,jabari-smith-jr,1610612745,rockets,0,Houston,Rockets,HOU,10,F,6-10,220,Auburn,USA,2022,1,3,1.0,2022,2024,11.0,6.7,0.8,Season
1641733,Smith Jr.,Nick,nick-smith-jr,1610612766,hornets,0,Charlotte,Hornets,CHA,8,G,6-2,185,Arkansas,USA,2023,1,27,1.0,2023,2024,2.3,0.3,0.0,Season
1631110,Sochan,Jeremy,jeremy-sochan,1610612759,spurs,0,San Antonio,Spurs,SAS,10,F,6-8,230,Baylor,Poland,2022,1,9,1.0,2022,2024,15.4,7.7,3.0,Season
1642285,Spencer,Cam,cam-spencer,1610612763,grizzlies,0,Memphis,Grizzlies,MEM,24,G,6-4,205,Connecticut,USA,2024,2,53,1.0,2024,2024,,,,Season
1630311,Spencer,Pat,pat-spencer,1610612744,warriors,0,Golden State,Warriors,GSW,61,G,6-3,205,Northwestern,USA,,,,1.0,2023,2024,1.3,0.0,0.3,Season
1630531,Springer,Jaden,jaden-springer,1610612738,celtics,0,Boston,Celtics,BOS,44,G,6-4,202,Tennessee,USA,2021,1,28,1.0,2021,2024,0.8,1.0,0.3,Season
1630569,Steward,DJ,dj-steward,1610612741,bulls,0,Chicago,Bulls,CHI,00,G,6-2,162,Duke,USA,,,,1.0,2024,2024,,,,Season
1630191,Stewart,Isaiah,isaiah-stewart,1610612765,pistons,0,Detroit,Pistons,DET,28,F-C,6-8,250,Washington,USA,2020,1,16,1.0,2020,2024,5.5,7.3,2.3,Season
1631124,Strawther,Julian,julian-strawther,1610612743,nuggets,0,Denver,Nuggets,DEN,3,G,6-6,205,Gonzaga,USA,2023,1,29,1.0,2023,2024,9.3,2.0,1.5,Season
1629622,Strus,Max,max-strus,1610612739,cavaliers,0,Cleveland,Cavaliers,CLE,1,G-F,6-5,215,DePaul,USA,,,,1.0,2019,2024,,,,Season
1630591,Suggs,Jalen,jalen-suggs,1610612753,magic,0,Orlando,Magic,ORL,4,G,6-5,205,Gonzaga,USA,2021,1,5,1.0,2021,2024,15.3,5.2,4.2,Season
1631306,Swider,Cole,cole-swider,1610612765,pistons,0,Detroit,Pistons,DET,13,F,6-8,220,Syracuse,USA,,,,1.0,2022,2024,,,,Season
1630256,Tate,Jae'Sean,jaesean-tate,1610612745,rockets,0,Houston,Rockets,HOU,8,F,6-4,230,Ohio State,USA,,,,1.0,2020,2024,2.7,2.3,0.7,Season
1628369,Tatum,Jayson,jayson-tatum,1610612738,celtics,0,Boston,Celtics,BOS,0,F-G,6-8,210,Duke,USA,2017,1,3,1.0,2017,2024,30.5,7.6,5.0,Season
202066,Temple,Garrett,garrett-temple,1610612761,raptors,0,Toronto,Raptors,TOR,17,G-F,6-5,195,Louisiana State,USA,,,,1.0,2009,2024,1.0,0.0,1.0,Season
1631207,Terry,Dalen,dalen-terry,1610612741,bulls,0,Chicago,Bulls,CHI,25,F,6-7,195,Arizona,USA,2022,1,18,1.0,2022,2024,4.1,1.9,1.0,Season
1628464,Theis,Daniel,daniel-theis,1610612740,pelicans,0,New Orleans,Pelicans,NOP,10,F-C,6-8,245,Brose Bamberg,Germany,,,,1.0,2017,2024,3.6,3.5,1.5,Season
1630560,Thomas,Cam,cam-thomas,1610612751,nets,0,Brooklyn,Nets,BKN,24,G,6-3,210,Louisiana State,Japan,2021,1,27,1.0,2021,2024,25.2,3.0,3.2,Season
1641708,Thompson,Amen,amen-thompson,1610612745,rockets,0,Houston,Rockets,HOU,1,G-F,6-7,200,Overtime Elite,USA,2023,1,4,1.0,2023,2024,10.0,5.9,2.1,Season
1641709,Thompson,Ausar,ausar-thompson,1610612765,pistons,0,Detroit,Pistons,DET,9,G-F,6-6,205,Overtime Elite,USA,2023,1,5,1.0,2023,2024,,,,Season
202691,Thompson,Klay,klay-thompson,1610612742,mavericks,0,Dallas,Mavericks,DAL,31,G,6-5,220,Washington State,USA,2011,1,11,1.0,2011,2024,13.8,3.7,2.0,Season
202684,Thompson,Tristan,tristan-thompson,1610612739,cavaliers,0,Cleveland,Cavaliers,CLE,13,C-F,6-9,254,Texas-Austin,Canada,2011,1,4,1.0,2011,2024,2.0,1.0,0.2,Season
1630550,Thor,JT,jt-thor,1610612739,cavaliers,0,Cleveland,Cavaliers,CLE,15,F,6-9,203,Auburn,USA,2021,2,37,1.0,2021,2024,,,,Season
1629680,Thybulle,Matisse,matisse-thybulle,1610612757,blazers,0,Portland,Trail Blazers,POR,4,G-F,6-5,201,Washington,USA,2019,1,20,1.0,2019,2024,,,,Season
1630214,Tillman,Xavier,xavier-tillman,1610612738,celtics,0,Boston,Celtics,BOS,26,F,6-7,245,Michigan State,USA,2020,2,35,1.0,2020,2024,1.7,2.2,0.7,Season
1642260,Topić,Nikola,nikola-topić,1610612760,thunder,0,Oklahoma City,Thunder,OKC,44,G,6-6,200,Crvena zvezda,Serbia,2024,1,12,1.0,2024,2024,,,,Season
1631210,Toppin,Jacob,jacob-toppin,1610612752,knicks,0,New York,Knicks,NYK,00,F,6-8,200,Kentucky,USA,,,,1.0,2023,2024,0.7,0.3,0.3,Season
1630167,Toppin,Obi,obi-toppin,1610612754,pacers,0,Indiana,Pacers,IND,1,F,6-9,220,Dayton,USA,2020,1,8,1.0,2020,2024,9.0,3.1,1.6,Season
1626157,Towns,Karl-Anthony,karl-anthony-towns,1610612752,knicks,0,New York,Knicks,NYK,32,C-F,7-0,248,Kentucky,USA,2015,1,1,1.0,2015,2024,24.9,12.3,2.3,Season
1642422,Traoré,Armel,armel-traoré,1610612747,lakers,0,Los Angeles,Lakers,LAL,94,F,6-8,215,ADA Blois,France,,,,1.0,2024,2024,,,,Season
1631247,Travers,Luke,luke-travers,1610612739,cavaliers,0,Cleveland,Cavaliers,CLE,33,F,6-7,207,Rockingham Flames (Aus.),Australia,2022,2,56,1.0,2024,2024,2.0,1.5,1.0,Season
1629018,Trent Jr.,Gary,gary-trent-jr,1610612749,bucks,0,Milwaukee,Bucks,MIL,5,G,6-5,204,Duke,USA,2018,2,37,1.0,2018,2024,7.3,1.4,0.9,Season
1631131,Tshiebwe,Oscar,oscar-tshiebwe,1610612762,jazz,0,Utah,Jazz,UTA,34,F-C,6-8,255,Kentucky,DRC,,,,1.0,2023,2024,,,,Season
200782,Tucker,P.J.,pj-tucker,1610612746,clippers,0,LA,Clippers,LAC,17,F,6-5,245,Texas,USA,2006,2,35,1.0,2006,2024,,,,Season
1626167,Turner,Myles,myles-turner,1610612754,pacers,0,Indiana,Pacers,IND,33,C-F,6-11,250,Texas,USA,2015,1,11,1.0,2015,2024,17.4,7.3,1.4,Season
1641816,Tyson,Hunter,hunter-tyson,1610612743,nuggets,0,Denver,Nuggets,DEN,5,F,6-8,215,Clemson,USA,2023,2,37,1.0,2023,2024,3.0,2.2,0.7,Season
1642281,Tyson,Jaylon,jaylon-tyson,1610612739,cavaliers,0,Cleveland,Cavaliers,CLE,24,G-F,6-6,215,California,USA,2024,1,20,1.0,2024,2024,1.4,0.8,0.4,Season
1630649,Umude,Stanley,stanley-umude,1610612749,bucks,0,Milwaukee,Bucks,MIL,17,G,6-6,210,Arkansas,USA,,,,1.0,2022,2024,1.5,1.0,0.5,Season
202685,Valančiūnas,Jonas,jonas-valančiūnas,1610612764,wizards,0,Washington,Wizards,WAS,17,C,6-11,265,Lietuvos rytas Vilnius,Lithuania,2011,1,5,1.0,2012,2024,12.6,7.1,2.6,Season
1627832,VanVleet,Fred,fred-vanvleet,1610612745,rockets,0,Houston,Rockets,HOU,5,G,6-0,197,Wichita State,USA,,,,1.0,2016,2024,13.2,3.9,5.8,Season
1629020,Vanderbilt,Jarred,jarred-vanderbilt,1610612747,lakers,0,Los Angeles,Lakers,LAL,2,F,6-8,214,Kentucky,USA,2018,2,41,1.0,2018,2024,,,,Season
1630170,Vassell,Devin,devin-vassell,1610612759,spurs,0,San Antonio,Spurs,SAS,24,G-F,6-5,200,Florida State,USA,2020,1,11,1.0,2020,2024,21.0,1.0,2.0,Season
1629216,Vincent,Gabe,gabe-vincent,1610612747,lakers,0,Los Angeles,Lakers,LAL,7,G,6-2,200,California-Santa Barbara,USA,,,,1.0,2019,2024,3.2,0.9,0.5,Season
1641774,Vukcevic,Tristan,tristan-vukcevic,1610612764,wizards,0,Washington,Wizards,WAS,00,F,6-10,220,Real Madrid,Italy,2023,2,42,1.0,2023,2024,,,,Season
202696,Vučević,Nikola,nikola-vučević,1610612741,bulls,0,Chicago,Bulls,CHI,9,C,6-10,260,Southern California,Montenegro,2011,1,16,1.0,2011,2024,20.9,10.3,3.2,Season
1629731,Wade,Dean,dean-wade,1610612739,cavaliers,0,Cleveland,Cavaliers,CLE,32,F-C,6-9,228,Kansas State,USA,,,,1.0,2019,2024,6.0,4.6,1.8,Season
1630532,Wagner,Franz,franz-wagner,1610612753,magic,0,Orlando,Magic,ORL,22,F,6-10,220,Michigan,Germany,2021,1,8,1.0,2021,2024,19.9,5.1,4.5,Season
1629021,Wagner,Moritz,moritz-wagner,1610612753,magic,0,Orlando,Magic,ORL,21,F-C,6-11,245,Michigan,Germany,2018,1,25,1.0,2018,2024,12.3,4.6,0.9,Season
1631133,Walker,Jabari,jabari-walker,1610612757,blazers,0,Portland,Trail Blazers,POR,34,F,6-7,237,Colorado,USA,2022,2,57,1.0,2022,2024,3.1,2.7,0.3,Season
1641716,Walker,Jarace,jarace-walker,1610612754,pacers,0,Indiana,Pacers,IND,5,F,6-7,235,Houston,USA,2023,1,8,1.0,2023,2024,5.4,2.6,1.0,Season
1641717,Wallace,Cason,cason-wallace,1610612760,thunder,0,Oklahoma City,Thunder,OKC,22,G,6-3,195,Kentucky,USA,2023,1,10,1.0,2023,2024,7.5,3.3,1.3,Season
1630811,Wallace,Keaton,keaton-wallace,1610612737,hawks,0,Atlanta,Hawks,ATL,2,G,6-3,185,Texas-San Antonio,USA,,,,1.0,2024,2024,5.4,1.3,1.1,Season
1641775,Walsh,Jordan,jordan-walsh,1610612738,celtics,0,Boston,Celtics,BOS,27,G,6-6,205,Arkansas,USA,2023,2,38,1.0,2023,2024,1.1,1.1,0.2,Season
1642266,Walter,Ja'Kobe,jakobe-walter,1610612761,raptors,0,Toronto,Raptors,TOR,14,G,6-5,180,Baylor,USA,2024,1,19,1.0,2024,2024,2.5,2.8,0.8,Season
1642276,Ware,Kel'el,kelel-ware,1610612748,heat,0,Miami,Heat,MIA,7,C,7-0,230,Indiana,USA,2024,1,15,1.0,2024,2024,2.6,1.2,0.0,Season
1629023,Washington,P.J.,pj-washington,1610612742,mavericks,0,Dallas,Mavericks,DAL,25,F,6-6,230,Kentucky,USA,2019,1,12,1.0,2019,2024,9.4,7.7,1.4,Season
1631102,Washington Jr.,TyTy,tyty-washington-jr,1610612756,suns,0,Phoenix,Suns,PHX,14,G,6-3,195,Kentucky,USA,2022,1,29,1.0,2022,2024,,,,Season
1630322,Waters III,Lindy,lindy-waters-iii,1610612744,warriors,0,Golden State,Warriors,GSW,43,F,6-6,210,Oklahoma State,USA,,,,1.0,2021,2024,5.0,1.9,1.4,Season
1630570,Watford,Trendon,trendon-watford,1610612751,nets,0,Brooklyn,Nets,BKN,9,G-F,6-8,237,Louisiana State,USA,,,,1.0,2021,2024,,,,Season
1641817,Watson,Anton,anton-watson,1610612738,celtics,0,Boston,Celtics,BOS,28,F,6-8,225,Gonzaga,USA,2024,2,54,1.0,2024,2024,,,,Season
1631212,Watson,Peyton,peyton-watson,1610612743,nuggets,0,Denver,Nuggets,DEN,8,G,6-7,200,UCLA,USA,2022,1,30,1.0,2022,2024,8.4,3.1,1.0,Season
1642377,Wells,Jaylen,jaylen-wells,1610612763,grizzlies,0,Memphis,Grizzlies,MEM,0,F,6-8,,Washington State,USA,2024,2,39,1.0,2024,2024,11.4,3.3,1.6,Season
1641705,Wembanyama,Victor,victor-wembanyama,1610612759,spurs,0,San Antonio,Spurs,SAS,1,F-C,7-3,235,Metropolitans 92,France,2023,1,1,1.0,2023,2024,18.3,10.2,2.4,Season
1631104,Wesley,Blake,blake-wesley,1610612759,spurs,0,San Antonio,Spurs,SAS,14,G,6-3,185,Notre Dame,USA,2022,1,25,1.0,2022,2024,4.3,0.6,2.0,Season
201566,Westbrook,Russell,russell-westbrook,1610612743,nuggets,0,Denver,Nuggets,DEN,4,G,6-4,200,UCLA,USA,2008,1,4,1.0,2008,2024,11.1,4.1,5.4,Season
1629632,White,Coby,coby-white,1610612741,bulls,0,Chicago,Bulls,CHI,0,G,6-5,195,North Carolina,USA,2019,1,7,1.0,2019,2024,19.4,3.5,5.0,Season
1628401,White,Derrick,derrick-white,1610612738,celtics,0,Boston,Celtics,BOS,9,G,6-4,190,Colorado,USA,2017,1,29,1.0,2017,2024,18.8,4.5,4.4,Season
1641727,Whitehead,Dariq,dariq-whitehead,1610612751,nets,0,Brooklyn,Nets,BKN,0,G-F,6-6,220,Duke,USA,2023,1,22,1.0,2023,2024,0.0,1.0,0.0,Season
1641715,Whitmore,Cam,cam-whitmore,1610612745,rockets,0,Houston,Rockets,HOU,7,F,6-7,230,Villanova,USA,2023,1,20,1.0,2023,2024,6.1,1.6,0.4,Season
1630598,Wiggins,Aaron,aaron-wiggins,1610612760,thunder,0,Oklahoma City,Thunder,OKC,21,G,6-5,190,Maryland,USA,2021,2,55,1.0,2021,2024,10.2,4.0,2.0,Season
203952,Wiggins,Andrew,andrew-wiggins,1610612744,warriors,0,Golden State,Warriors,GSW,22,F,6-7,197,Kansas,Canada,2014,1,1,1.0,2014,2024,15.5,4.8,2.3,Season
1631214,Williams,Alondes,alondes-williams,1610612765,pistons,0,Detroit,Pistons,DET,31,G,6-4,210,Wake Forest,USA,,,,1.0,2022,2024,,,,Season
1630314,Williams,Brandon,brandon-williams,1610612742,mavericks,0,Dallas,Mavericks,DAL,10,G,6-1,190,Arizona,USA,,,,1.0,2021,2024,1.3,1.0,0.7,Season
1642262,Williams,Cody,cody-williams,1610612762,jazz,0,Utah,Jazz,UTA,5,F,6-7,190,Colorado,USA,2024,1,10,1.0,2024,2024,4.2,2.8,1.3,Season
1629684,Williams,Grant,grant-williams,1610612766,hornets,0,Charlotte,Hornets,CHA,2,F,6-6,236,Tennessee,USA,2019,1,22,1.0,2019,2024,9.4,4.5,2.4,Season
1631114,Williams,Jalen,jalen-williams,1610612760,thunder,0,Oklahoma City,Thunder,OKC,8,G-F,6-5,211,Santa Clara,USA,2022,1,12,1.0,2022,2024,19.1,6.2,4.9,Season
1631119,Williams,Jaylin,jaylin-williams,1610612760,thunder,0,Oklahoma City,Thunder,OKC,6,F,6-9,240,Arkansas,USA,2022,2,34,1.0,2022,2024,,,,Season
1629026,Williams,Kenrich,kenrich-williams,1610612760,thunder,0,Oklahoma City,Thunder,OKC,34,G-F,6-6,210,TCU,USA,,,,1.0,2018,2024,,,,Season
1631109,Williams,Mark,mark-williams,1610612766,hornets,0,Charlotte,Hornets,CHA,5,C,7-0,240,Duke,USA,2022,1,15,1.0,2022,2024,,,,Season
1631466,Williams,Nate,nate-williams,1610612745,rockets,0,Houston,Rockets,HOU,19,G,6-5,205,Buffalo,USA,,,,1.0,2022,2024,3.0,2.0,0.0,Season
1630172,Williams,Patrick,patrick-williams,1610612741,bulls,0,Chicago,Bulls,CHI,44,F,6-7,215,Florida State,USA,2020,1,4,1.0,2020,2024,8.6,5.0,1.8,Season
1630533,Williams,Ziaire,ziaire-williams,1610612751,nets,0,Brooklyn,Nets,BKN,1,F,6-9,185,Stanford,USA,2021,1,10,1.0,2021,2024,8.3,4.0,1.1,Season
1629057,Williams III,Robert,robert-williams-iii,1610612757,blazers,0,Portland,Trail Blazers,POR,35,C-F,6-9,249,Texas A&M,USA,2018,1,27,1.0,2018,2024,8.5,4.0,1.0,Season
1631246,Williams Jr.,Vince,vince-williams-jr,1610612763,grizzlies,0,Memphis,Grizzlies,MEM,5,G,6-4,205,Virginia Commonwealth,USA,2022,2,47,1.0,2022,2024,,,,Season
1629627,Williamson,Zion,zion-williamson,1610612740,pelicans,0,New Orleans,Pelicans,NOP,1,F,6-6,284,Duke,USA,2019,1,1,1.0,2019,2024,22.7,8.0,5.3,Season
1630592,Wilson,Jalen,jalen-wilson,1610612751,nets,0,Brooklyn,Nets,BKN,22,F,6-6,220,Kansas,USA,2023,2,51,1.0,2023,2024,7.9,3.4,2.0,Season
1630164,Wiseman,James,james-wiseman,1610612754,pacers,0,Indiana,Pacers,IND,13,C,6-11,240,Memphis,USA,2020,1,2,1.0,2020,2024,6.0,1.0,0.0,Season
1626174,Wood,Christian,christian-wood,1610612747,lakers,0,Los Angeles,Lakers,LAL,35,F,6-8,214,UNLV,USA,,,,1.0,2015,2024,,,,Season
1626153,Wright,Delon,delon-wright,1610612749,bucks,0,Milwaukee,Bucks,MIL,55,G,6-5,185,Utah,USA,2015,1,20,1.0,2015,2024,2.1,0.6,0.9,Season
1627824,Yabusele,Guerschon,guerschon-yabusele,1610612755,sixers,0,Philadelphia,76ers,PHI,28,F,6-8,265,"Rouen, France",France,2016,1,16,1.0,2017,2024,10.3,4.4,1.8,Season
1642385,Yongxi,Cui,cui-yongxi,1610612751,nets,0,Brooklyn,Nets,BKN,8,F,6-5,190,Guangzhou Loong Lions,China,,,,1.0,2024,2024,0.5,0.0,0.0,Season
1629027,Young,Trae,trae-young,1610612737,hawks,0,Atlanta,Hawks,ATL,11,G,6-1,164,Oklahoma,USA,2018,1,5,1.0,2018,2024,23.9,4.2,11.5,Season
203469,Zeller,Cody,cody-zeller,1610612737,hawks,0,Atlanta,Hawks,ATL,40,F-C,6-11,240,Indiana,USA,2013,1,4,1.0,2013,2024,,,,Season
1627826,Zubac,Ivica,ivica-zubac,1610612746,clippers,0,LA,Clippers,LAC,40,C,7-0,240,Mega Basket,Croatia,2016,2,32,1.0,2016,2024,16.4,12.7,2.8,Season
1641783,da Silva,Tristan,tristan-da-silva,1610612753,magic,0,Orlando,Magic,ORL,23,F,6-8,217,Colorado,Germany,2024,1,18,1.0,2024,2024,8.0,2.9,1.7,Season
1628427,Čančar,Vlatko,vlatko-čančar,1610612743,nuggets,0,Denver,Nuggets,DEN,31,F,6-8,236,San Pablo Burgos,Slovenia,2017,2,49,1.0,2019,2024,0.0,1.0,0.0,Season
203967,Šarić,Dario,dario-šarić,1610612743,nuggets,0,Denver,Nuggets,DEN,9,F-C,6-10,225,Anadolu Efes,Croatia,2014,1,12,1.0,2016,2024,1.0,1.6,0.2,Season
